20319,20671,17406,20816,17406,17406,20256,19771,21382,17406,20323,21892,20259,23245,20504,20655,17406,17406,20656,17406,17406,20295,17406,22748,20259,22001,19463,19530,17406,20156,21477,17406,20060,17406,17406,17575,17406,17406,22926,23110,17406,21613,20162,27264,17406,17406,21250,19387,17406,20106,17406,17406,17406,24546,20137,24045,24045,24518,19177,4860,17406,17406,11865,17406,5579,3383,26200,2333,16953,17422,17406,17406,933,17406,19519,17406,15366,17406,17469,15305,17406,14625,17345,17406,17406,17406,11981,16117,17406,17406,17406,17406,17406,13341,17406,13385,9749,17406,9749,17406,17406,17406,17406,26279,23272,24322,17406,24315,17726,19258,18954,19061,4414,23897,20921,17442,17406,17406,19708,27640,21258,21824,17406,20266,17406,25346,11072,22720,13116,19075,6177073,15360,20142,15360,13399,19141,13399,20850,13399
6216,6040,10483,3820,10483,10483,3659,6943,7376,10483,6823,5556,6588,5778,6589,5735,10483,10483,5769,10483,10483,6397,10483,6054,6588,4696,6635,3378,10483,4051,8415,10483,4240,10483,10483,5333,10483,10483,5760,5944,10483,4044,1565,8018,10483,10483,1488,4507,10483,1621,10483,10483,10483,4949,1591,7950,7950,15104,2544,25535,10483,10483,8810,10483,17697,17993,9448,19248,5955,5961,10483,10483,21347,10483,8406,10483,7968,10483,7395,5383,10483,11871,9994,10483,10483,10483,18702,13286,10483,10483,10483,10483,10483,16033,10483,10038,19841,10483,19841,10483,10483,10483,10483,10625,5806,10712,10483,10413,18300,21941,15331,15224,25089,26580,23857,18443,10483,10483,22391,28614,12511,12953,10483,16593,10483,9692,20549,7990,8168,3940,6165653,7682,4657,7682,10175,7113,10175,4898,10175
8964,9316,6063,9456,6063,6063,8717,8416,10027,6063,8967,10537,8903,11885,9149,9299,6063,6063,9301,6063,6063,8940,6063,11388,8903,10641,8107,7992,6063,8796,10138,6063,8699,6063,6063,6215,6063,6063,11566,11750,6063,10253,8051,15153,6063,6063,9139,8027,6063,7996,6063,6063,6063,12435,8026,11935,11935,17127,7067,16970,6063,6063,245,6063,9133,9429,14190,10684,5593,6003,6063,6063,12782,6063,7827,6063,3959,6063,5562,3194,6063,8218,7575,6063,6063,6063,17607,12090,6063,6063,6063,6063,6063,14863,6063,5824,16708,6063,16708,6063,6063,6063,6063,14923,11912,12996,6063,12674,17123,20811,14657,14773,16524,25450,22727,17312,6063,6063,21261,27993,12213,13263,6063,15962,6063,13990,18032,11364,1917,8890,6169185,3276,10055,3276,5517,9044,5517,10662,5517
13904,13728,13485,12335,13485,13485,10921,13912,15064,13485,14511,13826,14276,14764,14278,13423,13485,13485,13457,13485,13485,14085,13485,14558,14276,13547,13604,10196,13485,11991,15789,13485,11794,13485,13485,11544,13485,13485,14601,14785,13485,13132,8597,12168,13485,13485,9685,11332,13485,8541,13485,13485,13485,11609,8572,8531,8531,8741,7612,22266,13485,13485,7674,13485,11826,14678,9708,15582,12166,10875,13485,13485,18078,13485,3027,13485,3795,13485,2649,6612,13485,2991,274,13485,13485,13485,24605,19512,13485,13485,13485,13485,13485,22286,13485,4562,22322,13485,22322,13485,13485,13485,13485,19136,14792,18415,13485,18091,24546,28233,22079,22195,21820,32872,30149,24734,13485,13485,28683,35416,19635,20632,13485,23384,13485,18203,23645,16079,6422,11951,6162441,9316,13149,9316,12932,14496,12932,13724,12932
13734,14164,11552,15486,11552,11552,15299,13447,14396,11552,13384,15581,13362,17914,13631,14453,11552,11552,14181,11552,11552,13554,11552,16493,13362,16670,13321,15278,11552,14826,13081,11552,14720,11552,11552,14216,11552,11552,17232,17574,11552,16283,20189,26322,11552,11552,19618,14668,11552,20204,11552,11552,11552,22939,20215,25014,25014,29931,19497,9977,11552,11552,17860,11552,17239,15818,27266,14767,13810,15512,11552,11552,12585,11552,24127,11552,21376,11552,22355,18792,11552,24674,25020,11552,11552,11552,488,5834,11552,11552,11552,11552,11552,2992,11552,20731,3047,11552,3047,11552,11552,11552,11552,18151,17942,14009,11552,13781,7910,10235,8699,8805,9565,14875,11898,7625,11552,11552,10685,18618,11036,11511,11552,10011,11552,18257,3756,15365,12178,13818,6179162,13946,14886,13946,8758,11816,8758,15593,8758
8244,8068,8064,6647,8064,8064,5261,8251,9404,8064,8851,8144,8616,9076,8617,7762,8064,8064,7797,8064,8064,8424,8064,8869,8616,7859,7943,4535,8064,6331,10129,8064,6133,8064,8064,5878,8064,8064,8912,9096,8064,7503,3920,9769,8064,8064,5054,5672,8064,3864,8064,8064,8064,7645,3895,6545,6545,11222,2936,22729,8064,8064,6004,8064,14549,15188,8798,16443,6500,5209,8064,8064,18541,8064,6315,8064,4663,8064,4575,2552,8064,9013,7198,8064,8064,8064,19375,13933,8064,8064,8064,8064,8064,16706,8064,6733,20514,8064,20514,8064,8064,8064,8064,13448,9103,12754,8064,12431,18966,22654,16500,16616,22283,27293,24570,19155,8064,8064,23104,29836,14056,14971,8064,17805,8064,12515,21222,10419,5230,6248,6165029,5121,7446,5121,7911,9086,7911,8020,7911
11413,11237,15348,9017,15348,15348,8856,12140,12573,15348,12020,10753,11785,10704,11786,10932,15348,15348,10966,15348,15348,11594,15348,11251,11785,9622,11832,8575,15348,9249,13612,15348,9437,15348,15348,10531,15348,15348,10686,10870,15348,8970,5038,2501,15348,15348,4249,9704,15348,5094,15348,15348,15348,3282,5063,3895,3895,10253,6017,29640,15348,15348,12915,15348,20982,22098,4487,23335,11153,11179,15348,15348,25452,15348,10321,15348,10675,15348,9257,9483,15348,13733,11857,15348,15348,15348,23899,18484,15348,15348,15348,15348,15330,21230,15348,13166,25038,15348,25038,15348,15348,15348,15348,15822,10731,15909,15348,15610,23497,27138,20528,20421,29194,31778,29054,23640,15348,15348,27588,33812,17708,18150,15330,21791,15330,14889,25746,13187,12004,9158,6160704,12139,9874,12139,15061,12331,15061,9837,15061
7193,7545,4277,7596,4277,4277,6973,6645,8256,4277,7196,8766,7132,10025,7378,7528,4277,4277,7530,4277,4277,7169,4277,9528,7132,8781,6336,6247,4277,6936,8278,4277,6840,4277,4277,4355,4277,4277,9706,9890,4277,8393,7328,14080,4277,4277,8384,6167,4277,7272,4277,4277,4277,11786,7302,10864,10864,15115,6377,19327,4277,4277,2602,4277,11489,11785,13117,13040,3733,3647,4277,4277,15139,4277,8911,4277,5759,4277,7136,3185,4277,10018,9375,4277,4277,4277,15599,10156,4277,4277,4277,4277,4277,12929,4277,7666,16737,4277,16737,4277,4277,4277,4277,13152,10052,11136,4277,10814,15190,18877,12723,12839,18881,23516,20793,15378,4277,4277,19327,26059,10279,11329,4277,14028,4277,12219,17446,9593,3533,7113,6169381,3200,8180,3200,4334,7233,4334,8888,4334
7193,7545,4277,7596,4277,4277,6973,6645,8256,4277,7196,8766,7132,10025,7378,7528,4277,4277,7530,4277,4277,7169,4277,9528,7132,8781,6336,6247,4277,6936,8278,4277,6840,4277,4277,4355,4277,4277,9706,9890,4277,8393,7328,14080,4277,4277,8384,6167,4277,7272,4277,4277,4277,11786,7302,10864,10864,15115,6377,19327,4277,4277,2602,4277,11489,11785,13117,13040,3733,3647,4277,4277,15139,4277,8911,4277,5759,4277,7136,3185,4277,10018,9375,4277,4277,4277,15599,10156,4277,4277,4277,4277,4277,12929,4277,7666,16737,4277,16737,4277,4277,4277,4277,13152,10052,11136,4277,10814,15190,18877,12723,12839,18881,23516,20793,15378,4277,4277,19327,26059,10279,11329,4277,14028,4277,12219,17446,9593,3533,7113,6169381,3200,8180,3200,4334,7233,4334,8888,4334
5387,5212,8717,3478,8717,8717,2559,5716,6547,8717,5994,5204,5760,5782,5761,4906,8717,8717,4941,8717,8717,5568,8717,5702,5760,4691,5407,1999,8717,3267,7587,8717,3350,8717,8717,3955,8717,8717,5723,5907,8717,4189,3830,9996,8717,8717,3421,3136,8717,3885,8717,8717,8717,6903,3855,8752,8752,17000,3235,24142,8717,8717,7417,8717,16305,16600,11005,17855,4577,4195,8717,8717,19954,8717,8460,8717,6791,8717,6726,4206,8717,11180,9349,8717,8717,8717,17323,11908,8717,8717,8717,8717,8717,14654,8717,8861,18462,8717,18462,8717,8717,8717,8717,10273,5809,9898,8717,9575,16875,20562,14282,14397,23696,25202,22478,17064,8717,8717,21012,27618,11592,12115,8717,15587,8717,9340,19170,7638,6368,3296,6166820,5882,4327,5882,8377,6326,8377,4930,8377
17104,17501,16221,19298,16221,16221,19161,16815,16665,16221,16720,18298,16732,20425,17017,17822,16221,16221,17551,16221,16221,16923,16221,18342,16732,19881,17023,19140,16221,18638,15299,16221,18610,16221,16221,18078,16221,16221,19084,19346,16221,19925,24051,30183,16221,16221,23480,18529,16221,24065,16221,16221,16221,26951,24076,28875,28875,37583,23358,17299,16221,16221,21678,16221,24597,23226,31128,22175,17672,19374,16221,16221,19937,16221,27989,16221,25194,16221,26217,22654,16221,29453,28810,16221,16221,16221,10332,9546,16221,16221,16221,16221,16221,8983,16221,26540,10201,16221,10201,16221,16221,16221,16221,17693,20056,14486,16221,14371,5138,1488,8023,8130,16886,3928,1512,5410,16221,16221,324,7671,11200,12110,16221,8174,16221,17557,9702,16207,21642,18596,6187328,21965,18870,21965,15551,15860,15551,19611,15551
3730,4160,6698,5506,6698,6698,5383,3442,4392,6698,3380,5577,3358,7934,3627,4449,6698,6698,4177,6698,6698,3550,6698,6489,3358,6508,3429,5362,6698,4845,3077,6698,4818,6698,6698,4353,6698,6698,7228,7570,6698,6302,10273,16406,6698,6698,9702,4752,6698,10287,6698,6698,6698,13159,10299,15098,15098,23193,9581,18124,6698,6698,8383,6698,16552,16511,17350,17734,3947,5649,6698,6698,19839,6698,14684,6698,11899,6698,12909,9359,6698,16158,15515,6698,6698,6698,9996,4580,6698,6698,6698,6698,6698,7326,6698,13245,11134,6698,11134,6698,6698,6698,6698,8766,7962,5935,6698,5613,9548,13235,6954,7070,17711,17874,15151,9736,6698,6698,13685,20290,4618,5668,6698,8259,6698,7984,11843,5361,9703,5004,6173508,9370,5747,9370,6792,2736,6792,6510,6792
5817,6169,4130,6106,4130,4130,4632,5268,6879,4130,5820,7389,5756,8534,6002,6152,4130,4130,6153,4130,4130,5793,4130,8241,5756,7317,4960,3906,4130,5649,6991,4130,5505,4130,4130,2307,4130,4130,8419,8603,4130,6902,6571,14033,4130,4130,7550,4705,4130,6538,4130,4130,4130,10965,6569,11027,11027,15042,5749,21339,4130,4130,4946,4130,13175,13483,13280,14705,2446,1288,4130,4130,16810,4130,9218,4130,7270,4130,7447,3987,4130,11620,10070,4130,4130,4130,15042,9599,4130,4130,4130,4130,4130,12373,4130,9340,16180,4130,16180,4130,4130,4130,4130,11776,8562,9849,4130,9527,14633,18320,12166,12282,20926,22959,20236,14822,4130,4130,18770,25503,9723,10773,4130,13471,4130,10843,16889,8217,5114,5365,6169074,4629,6433,4629,4186,5520,4186,7140,4186
1669,1493,8929,750,8929,8929,1901,2578,2829,8929,2276,1460,2041,2575,2042,1188,8929,8929,1222,8929,8929,1850,8929,1958,2041,1159,2826,2502,8929,972,3868,8929,1199,8929,8929,4188,8929,8929,2070,2254,8929,1203,6080,12198,8929,8929,5495,2584,8929,6135,8929,8929,8929,8770,6105,12015,12015,19114,6498,23523,8929,8929,9792,8929,17971,18251,13962,19474,3954,5338,8929,8929,21579,8929,11722,8929,10054,8929,9988,7469,8929,14443,12612,8929,8929,8929,15395,9979,8929,8929,8929,8929,8929,12726,8929,12124,16534,8929,16534,8929,8929,8929,8929,6536,2654,6180,8929,5856,13753,18214,10784,10677,23111,22240,20135,14138,8929,8929,18661,24068,7964,8397,8929,12047,8929,5603,17242,3651,9496,788,6170166,9011,585,9011,9000,2721,9000,1231,9000
12856,12680,11895,11287,11895,11895,9873,12864,14016,11895,13463,12778,13228,13716,13230,12375,11895,11895,12409,11895,11895,13037,11895,13510,13228,12499,12556,9148,11895,10943,14741,11895,10746,11895,11895,10496,11895,11895,13553,13737,11895,12084,7684,12550,11895,11895,8771,10284,11895,7628,11895,11895,11895,10696,7658,8912,8912,10170,6699,21433,11895,11895,6024,11895,11107,13891,10090,14864,11118,9827,11895,11895,17245,11895,3408,11895,2199,11895,1601,5333,11895,2789,1867,11895,11895,11895,23454,17922,11895,11895,11895,11895,11895,20696,11895,3411,21171,11895,21171,11895,11895,11895,11895,18088,13743,17367,11895,17043,22956,26643,20489,20605,20987,31282,28559,23144,11895,11895,27093,33826,18045,19096,11895,21795,11895,17155,22494,15031,4741,10900,6163790,7736,12097,7736,11354,13445,11354,12672,11354
2590,2414,8724,173,8724,8724,1462,3437,3750,8724,3196,1925,2962,2602,2963,2108,8724,8724,2143,8724,8724,2770,8724,2423,2962,1384,3129,2062,8724,546,4789,8724,829,8724,8724,4017,8724,8724,2438,2622,8724,970,5159,11276,8724,8724,4572,2273,8724,5215,8724,8724,8724,7882,5184,11391,11391,18745,5984,23481,8724,8724,9587,8724,17765,18046,13041,19268,3749,4898,8724,8724,21373,8724,11282,8724,9614,8724,9549,7029,8724,14003,12172,8724,8724,8724,15353,9937,8724,8724,8724,8724,8724,12683,8724,11684,16491,8724,16491,8724,8724,8724,8724,6974,2629,7080,8724,6781,14673,18591,11705,11598,23068,23231,20507,15059,8724,8724,19041,24988,8884,9322,8724,12967,8724,6041,17199,4359,9083,517,6169246,8597,1033,8597,8794,3646,8794,1596,8794
12512,12942,11198,14254,11198,11198,14117,12224,13174,11198,12162,14359,12140,16682,12409,13231,11198,11198,12959,11198,11198,12332,11198,15271,12140,15438,12177,14096,11198,13593,11859,11198,13566,11198,11198,13034,11198,11198,16010,16352,11198,15051,19007,25139,11198,11198,18436,13485,11198,19021,11198,11198,11198,21907,19032,23831,23831,31941,18314,12814,11198,11198,16634,11198,20112,18741,26084,17690,12627,14330,11198,11198,15452,11198,22944,11198,20150,11198,21173,17609,11198,24409,23766,11198,11198,11198,5559,4502,11198,11198,11198,11198,11198,3568,11198,21496,5717,11198,5717,11198,11198,11198,11198,15325,16710,11766,11198,11652,2615,5307,5318,5425,12401,9946,7246,2330,11198,11198,5757,13690,8474,9390,11198,5790,11198,15189,5224,13468,16620,13758,6182490,16942,14536,16942,10529,11526,10529,15300,10529
12755,13185,11428,14496,11428,11428,14359,12467,13417,11428,12404,14602,12383,16925,12651,13473,11428,11428,13202,11428,11428,12574,11428,15513,12383,15681,12419,14338,11428,13836,12102,11428,13809,11428,11428,13276,11428,11428,16253,16594,11428,15293,19249,25382,11428,11428,18678,13728,11428,19264,11428,11428,11428,22150,19275,24074,24074,35785,18557,11327,11428,11428,16876,11428,18626,17254,26326,16204,12870,14572,11428,11428,13966,11428,23187,11428,20392,11428,21415,17852,11428,24651,24008,11428,11428,11428,4344,4744,11428,11428,11428,11428,11428,3513,11428,22117,4231,11428,4231,11428,11428,11428,11428,15907,16952,12174,11428,12059,3908,6227,5726,5833,10915,10867,7889,3623,11428,11428,6677,14610,8881,9798,11428,7083,11428,15772,3765,13875,16510,13989,6182721,17159,14767,17159,10746,11757,10746,15531,10746
13387,13817,11735,15139,11735,11735,14952,13100,14049,11735,13037,15234,13015,17567,13284,14105,11735,11735,13834,11735,11735,13206,11735,16146,13015,16323,12974,14931,11735,14478,12734,11735,14373,11735,11735,13869,11735,11735,16885,17227,11735,15936,19842,25974,11735,11735,19271,14320,11735,19856,11735,11735,11735,22592,19868,24667,24667,30752,19150,8745,11735,11735,17469,11735,16008,14586,26919,13535,13463,15165,11735,11735,11353,11735,23780,11735,20985,11735,22008,18445,11735,23442,23788,11735,11735,11735,1012,5126,11735,11735,11735,11735,11735,2340,11735,19499,1797,11735,1797,11735,11735,11735,11735,17442,17595,13301,11735,13294,7176,8963,7965,8071,8333,13602,10626,6891,11735,11735,9413,17345,10328,10803,11735,9277,11735,17548,2506,15242,13153,14370,6180137,14921,15438,14921,9253,12377,9253,16145,9253
6061,6375,10462,8482,10462,10462,8994,5773,5601,10462,5678,7235,5689,9361,5974,6780,10462,10462,6508,10462,10462,5881,10462,7279,5689,8839,5981,9359,10462,8254,4236,10462,8423,10462,10462,8596,10462,10462,8020,8282,10462,8883,13810,19931,10462,10462,13227,8363,10462,13866,10462,10462,10462,16458,13836,19094,19094,31640,13577,18881,10462,10462,12147,10462,20316,20276,21347,21498,8189,10239,10462,10462,21520,10462,18458,10462,15663,10462,16686,13123,10462,19922,19279,10462,10462,10462,10901,5374,10462,10462,10462,10462,10462,8113,10462,17009,11895,10462,11895,10462,10462,10462,10462,7563,8992,3422,10462,3308,6438,10906,3435,3328,18469,14887,12820,6817,10462,10462,11356,16715,470,1681,10462,4697,10462,7428,12604,5143,13382,8194,6177925,13053,8004,13053,10573,5030,10573,8569,10573
6061,6375,10462,8482,10462,10462,8994,5773,5601,10462,5678,7235,5689,9361,5974,6780,10462,10462,6508,10462,10462,5881,10462,7279,5689,8839,5981,9359,10462,8254,4236,10462,8423,10462,10462,8596,10462,10462,8020,8282,10462,8883,13810,19931,10462,10462,13227,8363,10462,13866,10462,10462,10462,16458,13836,19094,19094,31640,13577,18881,10462,10462,12147,10462,20316,20276,21347,21498,8189,10239,10462,10462,21520,10462,18458,10462,15663,10462,16686,13123,10462,19922,19279,10462,10462,10462,10901,5374,10462,10462,10462,10462,10462,8113,10462,17009,11895,10462,11895,10462,10462,10462,10462,7563,8992,3422,10462,3308,6438,10906,3435,3328,18469,14887,12820,6817,10462,10462,11356,16715,470,1681,10462,4697,10462,7428,12604,5143,13382,8194,6177925,13053,8004,13053,10573,5030,10573,8569,10573
4929,5281,3934,5421,3934,3934,4861,4381,5992,3934,4932,6502,4868,7850,5114,5264,3934,3934,5266,3934,3934,4905,3934,7353,4868,6606,4072,4135,3934,4761,6103,3934,4665,3934,3934,2180,3934,3934,7531,7715,3934,6218,7622,15178,3934,3934,8475,3992,3934,7590,3934,3934,3934,11796,7620,12078,12078,19802,6800,21116,3934,3934,4801,3934,12980,13260,14331,14483,1558,1776,3934,3934,16588,3934,10270,3934,8313,3934,8498,5038,3934,12572,11122,3934,3934,3934,14172,8729,3934,3934,3934,3934,3934,11503,3934,9671,15310,3934,15310,3934,3934,3934,3934,10888,7877,8961,3934,8639,13763,17450,11296,11412,20704,22089,19366,13952,3934,3934,17900,24633,8853,9903,3934,12601,3934,9955,16019,7329,6155,4905,6170115,5670,5972,5670,3999,5001,3999,6680,3999
2811,2538,10687,2166,10687,10687,3737,3667,2092,10687,3215,1101,3151,2558,2872,2339,10687,10687,2421,10687,10687,2960,10687,84,3151,2455,3969,4304,10687,2799,3997,10687,2957,10687,10687,5946,10687,10687,1217,1479,10687,2499,7503,13615,10687,10687,6911,4342,10687,7559,10687,10687,10687,10074,7529,13735,13735,23191,8328,24526,10687,10687,11550,10687,19729,20009,15385,21231,5712,7140,10687,10687,23336,10687,13558,10687,11889,10687,11824,9305,10687,16278,14448,10687,10687,10687,16398,10982,10687,10687,10687,10687,10687,13728,10687,13960,17536,10687,17536,10687,10687,10687,10687,4615,2189,5103,10687,4882,13239,17678,10236,10129,24113,21688,19594,13588,10687,10687,18128,23516,7416,7550,10687,11498,10687,3682,18245,2249,11332,2630,6171599,10846,1521,10846,10773,3724,10773,1817,10773
14030,14427,13147,16224,13147,13147,16087,13741,13591,13147,13646,15224,13658,17351,13943,14748,13147,13147,14477,13147,13147,13849,13147,15269,13658,16808,13949,16066,13147,15564,12225,13147,15536,13147,13147,15004,13147,13147,16010,16272,13147,16851,20977,27109,13147,13147,20406,15455,13147,20991,13147,13147,13147,23877,21002,25802,25802,33665,20284,14252,13147,13147,18604,13147,21550,20179,28054,19129,14598,16300,13147,13147,16891,13147,24915,13147,22120,13147,23143,19580,13147,26379,25736,13147,13147,13147,7285,6472,13147,13147,13147,13147,13147,5910,13147,23466,7155,13147,7155,13147,13147,13147,13147,14619,16982,11412,13147,11297,2064,2668,4949,5056,13840,7282,4590,2336,13147,13147,3115,11026,8126,9036,13147,5100,13147,14483,6656,13133,18528,15482,6184214,18850,15756,18850,12437,12746,12437,16497,12437
15936,16366,14285,17688,14285,14285,17501,15649,16598,14285,15586,17783,15564,20116,15833,16655,14285,14285,16383,14285,14285,15756,14285,18695,15564,18872,15523,17480,14285,17027,15283,14285,16922,14285,14285,16418,14285,14285,19434,19776,14285,18485,22391,28524,14285,14285,21820,16870,14285,22405,14285,14285,14285,25141,22417,27216,27216,31551,21699,8622,14285,14285,17893,14285,15920,14549,29468,13498,16012,17714,14285,14285,11261,14285,25546,14285,21394,14285,23497,21213,14285,23355,23701,14285,14285,14285,3653,7654,14285,14285,14285,14285,14285,4879,14285,19412,2726,14285,2726,14285,14285,14285,14285,19686,20144,15860,14285,15852,7608,9132,9504,9611,8210,13771,10563,7323,14285,14285,9582,17515,12796,13361,14285,10783,14285,300,17500,17709,15782,17143,6182765,17550,17921,17550,12124,14911,12124,18685,12124
2246,2035,9602,981,9602,9602,2548,3155,3251,9602,2853,1242,2618,2115,2619,1765,9602,9602,1799,9602,9602,2427,9602,1740,2618,1011,3403,3148,9602,1609,4443,9602,1872,9602,9602,4861,9602,9602,1610,1794,9602,1054,6269,12438,9602,9602,5735,3257,9602,6325,9602,9602,9602,8630,6295,12501,12501,19444,7144,24100,9602,9602,10465,9602,18644,18924,14151,20147,4627,5984,9602,9602,22252,9602,12368,9602,10700,9602,10635,8115,9602,15089,13258,9602,9602,9602,15972,10556,9602,9602,9602,9602,9602,13303,9602,12770,17110,9602,17110,9602,9602,9602,9602,6293,2277,6409,9602,6110,14330,18791,11500,11393,23688,22952,20712,14715,9602,9602,19238,24780,8680,8650,9602,12762,9602,5360,17819,3687,10155,1466,6170347,9669,202,9669,9675,3213,9675,764,9675
2488,2156,10089,1568,10089,10089,3140,3397,2250,10089,2987,648,2860,2549,2645,1958,10089,10089,2041,10089,10089,2668,10089,681,2860,1838,3645,3706,10089,2201,4113,10089,2359,10089,10089,5348,10089,10089,1208,1471,10089,1882,6905,13017,10089,10089,6314,3744,10089,6961,10089,10089,10089,9457,6931,13138,13138,19865,7730,24342,10089,10089,10952,10089,19131,19411,14788,20634,5114,6543,10089,10089,22739,10089,12960,10089,11292,10089,11227,8707,10089,15681,13850,10089,10089,10089,16214,10798,10089,10089,10089,10089,10089,13545,10089,13362,17352,10089,17352,10089,10089,10089,10089,5252,2180,5339,10089,5040,13397,17836,10394,10287,23930,21846,19752,13746,10089,10089,18286,23674,7574,7580,10089,11656,10089,4319,18061,2617,10727,2025,6170994,10241,907,10241,10168,3545,10168,1336,10168
9098,9417,10725,11518,10725,10725,12031,8809,8637,10725,8714,10271,8725,12397,9010,9816,10725,10725,9545,10725,10725,8917,10725,10315,8725,11875,9017,12201,10725,11291,7277,10725,11657,10725,10725,11192,10725,10725,11056,11318,10725,11919,16846,22967,10725,10725,16263,11399,10725,16902,10725,10725,10725,19494,16872,21937,21937,30924,16420,16352,10725,10725,14852,10725,23021,22223,24189,21172,10786,12488,10725,10725,18990,10725,21162,10725,18368,10725,19391,15827,10725,22627,21984,10725,10725,10725,8399,3407,10725,10725,10725,10725,10725,6146,10725,19714,9366,10725,9366,10725,10725,10725,10725,10183,12028,6458,10725,6344,3007,7431,5,102,15939,11682,9347,3341,10725,10725,7881,13510,3172,4082,10725,1478,10725,10048,9451,8179,15847,11180,6180518,15519,11052,15519,10402,8017,10402,11584,10402
5142,5148,10493,7393,10493,10493,8208,5016,4382,10493,4765,6015,4933,8144,5001,5699,10493,10493,5458,10493,10493,5124,10493,6062,4933,7750,5224,8602,10493,7165,3009,10493,7334,10493,10493,7960,10493,10493,6803,7066,10493,7794,12721,18841,10493,10493,12138,7606,10493,12777,10493,10493,10493,15369,12746,18338,18338,26268,12821,19689,10493,10493,12178,10493,20347,20307,20590,21529,7554,9161,10493,10493,22327,10493,17924,10493,15694,10493,16149,13154,10493,19953,18772,10493,10493,10493,11650,6182,10493,10493,10493,10493,10493,8921,10493,17041,12703,10493,12703,10493,10493,10493,10493,6622,7775,2460,10493,2122,7257,11700,4280,4173,19276,15720,13616,7610,10493,10493,12150,17548,1479,2651,10493,5511,10493,6278,13411,3930,12578,7065,6176793,12249,6795,12249,9769,4246,9769,7336,9769
14420,14244,13529,12851,13529,13529,11437,14428,15580,13529,15027,14342,14792,15280,14794,13939,13529,13529,13973,13529,13529,14601,13529,15074,14792,14063,14120,10712,13529,12507,16305,13529,12310,13529,13529,12060,13529,13529,15117,15301,13529,13648,9248,13014,13529,13529,10335,11848,13529,9192,13529,13529,13529,12260,9222,9376,9376,8993,8263,21298,13529,13529,7560,13529,10858,13711,10553,14615,12682,11391,13529,13529,17110,13529,3872,13529,3728,13529,3165,7003,13529,1814,1136,13529,13529,13529,24152,19556,13529,13529,13529,13529,13529,22330,13529,4109,21868,13529,21868,13529,13529,13529,13529,19652,15308,18931,13529,18607,24590,28277,22123,22239,20853,32916,30193,24778,13529,13529,28727,35460,19680,20730,13529,23429,13529,18719,23192,16595,6274,12442,6162628,9359,13639,9359,12918,14987,12918,14214,12918
14958,14782,14740,13389,14740,14740,11975,14965,16118,14740,15565,14879,15330,15817,15331,14476,14740,14740,14511,14740,14740,15138,14740,15611,15330,14600,14657,11249,14740,13045,16843,14740,12847,14740,14740,12598,14740,14740,15654,15838,14740,14186,9649,13216,14740,14740,10737,12386,14740,9593,14740,14740,14740,12661,9623,9578,9578,6584,8664,21917,14740,14740,9124,14740,11477,14330,10756,15234,13220,11929,14740,14740,17729,14740,4074,14740,5231,14740,3703,7666,14740,2589,1726,14740,14740,14740,26291,20608,14740,14740,14740,14740,14740,23382,14740,6249,24008,14740,24008,14740,14740,14740,14740,20190,15845,19468,14740,19145,25642,29329,23176,23291,21471,33969,31245,25831,14740,14740,29779,36512,20732,21685,14740,24480,14740,19257,25332,17133,7748,12996,6163356,10400,14193,10400,14257,15546,14257,14768,14257
15255,15079,14632,13686,14632,14632,12272,15263,16415,14632,15862,15177,15627,16115,15628,14774,14632,14632,14808,14632,14632,15436,14632,15908,15627,14898,14954,11546,14632,13342,17140,14632,13145,14632,14632,12895,14632,14632,15951,16135,14632,14483,10117,13815,14632,14632,11205,12683,14632,10061,14632,14632,14632,13129,10092,10177,10177,7616,9132,20774,14632,14632,8663,14632,10334,13187,11355,14091,13517,12226,14632,14632,16586,14632,4674,14632,4836,14632,4000,7963,14632,1483,1932,14632,14632,14632,25265,20659,14632,14632,14632,14632,14633,23433,14632,5222,22982,14632,22982,14632,14632,14632,14632,20487,16142,19765,14632,19442,25693,29380,23227,23342,20328,34019,31296,25882,14632,14632,29830,36563,20783,21833,14633,24532,14633,19554,24305,17430,7413,13297,6162559,10468,14494,10468,14027,15842,14027,15069,14027
6700,6524,11490,4336,11490,11490,4222,7609,7860,11490,7307,5943,7072,5626,7074,6219,11490,11490,6253,11490,11490,6881,11490,6441,7072,4544,7176,3942,11490,4592,8899,11490,4781,11490,11490,5897,11490,11490,5608,5792,11490,3893,1988,7814,11490,11490,1104,5071,11490,2044,11490,11490,11490,3594,2014,8375,8375,19258,2967,26955,11490,11490,10230,11490,18727,19414,9722,20669,6519,6778,11490,11490,22767,11490,9081,11490,8840,11490,8070,6853,11490,12546,10669,11490,11490,11490,19399,13984,11490,11490,11490,11490,11490,16730,11490,10911,20538,11490,20538,11490,11490,11490,11490,10994,5654,11110,11490,10810,18784,22638,15815,15708,26509,27278,24554,19169,11490,11490,23088,29099,12995,13351,11490,17078,11490,10061,21246,8388,9360,4572,6165933,8874,4892,8874,11530,7759,11530,4758,11530
15752,15576,15123,14183,15123,15123,12769,15760,16912,15123,16359,15674,16124,16611,16125,15270,15123,15123,15305,15123,15123,15933,15123,16405,16124,15394,15451,12043,15123,13839,17637,15123,13642,15123,15123,13392,15123,15123,16448,16632,15123,14980,10614,14312,15123,15123,11702,13180,15123,10558,15123,15123,15123,13626,10588,10674,10674,7851,9629,20354,15123,15123,9154,15123,9914,12767,11852,13670,14014,12723,15123,15123,16166,15123,5171,15123,5327,15123,4497,8460,15123,1398,2428,15123,15123,15123,25077,21150,15123,15123,15123,15123,15124,23924,15123,5713,22793,15123,22793,15123,15123,15123,15123,20984,16639,20262,15123,19939,26184,29871,23718,23833,19908,34510,31787,26373,15123,15123,30321,37054,21274,22324,15124,25023,15124,20051,24117,17927,7900,13785,6162225,10956,14982,10956,14514,16330,14514,15557,14514
1113,937,8978,1307,8978,8978,2123,2022,2273,8978,1720,1118,1485,3048,1486,632,8978,8978,666,8978,8978,1294,8978,2301,1485,1664,2270,2595,8978,1080,3312,8978,1248,8978,8978,4237,8978,8978,2542,2726,8978,1708,6635,12756,8978,8978,6053,2633,8978,6691,8978,8978,8978,9284,6661,12331,12331,19619,6814,22967,8978,8978,9841,8978,18020,18300,14583,19523,4003,5432,8978,8978,21628,8978,11917,8978,10207,8978,10142,7622,8978,14596,12765,8978,8978,8978,14839,9423,8978,8978,8978,8978,8978,12170,8978,12277,15978,8978,15978,8978,8978,8978,8978,6364,3159,5624,8978,5300,13197,17658,10228,10121,22555,21684,19579,13582,8978,8978,18105,23512,7408,7841,8978,11491,8978,5431,16686,3372,9611,999,6170590,9125,936,9125,8887,2165,8887,1736,8887
7363,7673,11177,9783,11177,11177,10296,7075,6907,11177,6979,8540,6991,10669,7276,8081,11177,11177,7810,11177,11177,7182,11177,8587,6991,10141,7283,10735,11177,9556,5533,11177,9724,11177,11177,9726,11177,11177,9328,9590,11177,10184,15112,21232,11177,11177,14529,9664,11177,15168,11177,11177,11177,17760,15137,20471,20471,28352,14954,17390,11177,11177,13386,11177,21555,21514,22723,22210,9320,11022,11177,11177,20029,11177,19696,11177,16902,11177,17925,14361,11177,21161,20518,11177,11177,11177,9411,3883,11177,11177,11177,11177,11177,6623,11177,18248,10405,11177,10405,11177,11177,11177,11177,8894,10300,4752,11177,4638,4768,9212,1771,1665,16978,13231,11127,5122,11177,11177,9662,15059,1461,2758,11177,3023,11177,8758,11113,6455,14524,9453,6179195,14195,9295,14195,10454,6290,10454,9837,10454
2443,2267,9706,997,9706,9706,2552,3352,3603,9706,3050,1680,2815,1804,2816,1962,9706,9706,1996,9706,9706,2624,9706,2178,2815,312,3600,3152,9706,1613,4642,9706,1897,9706,9706,4965,9706,9706,1318,1502,9706,393,6002,11822,9706,9706,5118,3361,9706,6058,9706,9706,9706,8009,6028,12206,12206,18386,6799,24297,9706,9706,10569,9706,18748,19028,13730,20256,4731,5988,9706,9706,22355,9706,12373,9706,10704,9706,10639,8119,9706,15093,13262,9706,9706,9706,16169,10753,9706,9706,9706,9706,9706,13500,9706,12774,17308,9706,17308,9706,9706,9706,9706,6730,1806,6847,9706,6547,14527,18988,11558,11451,23885,23014,20909,14912,9706,9706,19435,24842,8738,9088,9706,12820,9706,5797,18016,4125,10159,1475,6169920,9674,634,9674,9769,3494,9769,471,9769
8843,8667,12557,6447,12557,12557,6286,9569,10003,12557,9449,8183,9215,8409,9216,8361,12557,12557,8396,12557,12557,9023,12557,8681,9215,7328,9261,6005,12557,6678,11042,12557,6866,12557,12557,7960,12557,12557,8392,8576,12557,6676,1894,6132,12557,12557,1969,7134,12557,1950,12557,12557,12557,3219,1920,6437,6437,12844,2873,26916,12557,12557,10191,12557,18633,19375,7774,20630,8582,8035,12557,12557,22728,12557,8051,12557,8457,12557,7039,6759,12557,11515,9639,12557,12557,12557,21329,15913,12557,12557,12557,12557,12557,18660,12557,10817,22467,12557,22467,12557,12557,12557,12557,13252,8437,13338,12557,13039,20926,24568,17958,17851,26470,29207,26484,21069,12557,12557,25018,31241,15137,15580,12557,19220,12557,12319,23176,10617,9311,6286,6163840,9451,7002,9451,12413,9459,12413,7085,12413
15528,15352,18736,13080,18736,18736,12971,16255,16688,18736,16135,14832,15900,14789,15901,15047,18736,18736,15081,18736,18736,15709,18736,15330,15900,13707,15947,12690,18736,13363,17727,18736,13552,18736,18736,14646,18736,18736,14771,14955,18736,13055,9153,2082,18736,18736,8334,13819,18736,9209,18736,18736,18736,7136,9178,4321,4321,6491,9623,33028,18736,18736,16303,18736,22959,25486,2918,26716,15268,14927,18736,18736,28840,18736,10380,18736,14063,18736,12593,12871,18736,14836,12175,18736,18736,18736,28014,22599,18736,18736,18736,18736,18736,25345,18736,15502,29153,18736,29153,18736,18736,18736,18736,19881,14817,19987,18736,19688,27612,31253,24643,24536,32582,35893,33169,27755,18736,18736,31703,37927,21823,22228,18736,25906,18736,18948,29861,17266,15395,13237,6157389,15531,14022,15531,18452,16410,18452,13887,18452
14640,15070,12458,16392,12458,12458,16205,14353,15302,12458,14290,16487,14268,18820,14537,15359,12458,12458,15087,12458,12458,14460,12458,17399,14268,17576,14227,16184,12458,15731,13987,12458,15626,12458,12458,15122,12458,12458,18138,18480,12458,17189,21095,27227,12458,12458,20524,15574,12458,21109,12458,12458,12458,23845,21121,25920,25920,30837,20403,9934,12458,12458,18766,12458,17195,15773,28172,14722,14716,16418,12458,12458,12572,12458,25033,12458,22282,12458,23261,19698,12458,24629,24975,12458,12458,12458,1353,6729,12458,12458,12458,12458,12458,3887,12458,20686,3434,12458,3434,12458,12458,12458,12458,19046,18848,14904,12458,14686,8805,10618,9594,9700,9521,15257,12280,8520,12458,12458,11068,19000,11931,12406,12458,10906,12458,19152,4143,16271,13033,14665,6180016,14801,15732,14801,9613,12663,9613,16440,9613
14243,14067,12567,12647,12567,12567,11260,14251,15403,12567,14850,14165,14615,15075,14617,13762,12567,12567,13796,12567,12567,14424,12567,14869,14615,13858,13943,10535,12567,12330,16128,12567,12133,12567,12567,11716,12567,12567,14912,15096,12567,13444,9744,14314,12567,12567,10832,11671,12567,9688,12567,12567,12567,12952,9719,10676,10676,8942,8760,20361,12567,12567,6593,12567,9921,12773,11853,13677,12097,10933,12567,12567,16173,12567,5172,12567,3664,12567,3857,6167,12567,1791,2447,12567,12567,12567,22897,18594,12567,12567,12567,12567,12567,21368,12567,2854,20614,12567,20614,12567,12567,12567,12567,19448,15103,18754,12567,18430,23628,27315,21161,21277,19915,31954,29231,23816,12567,12567,27765,34498,18718,19768,12567,22467,12567,18515,21937,16418,5399,12287,6163886,8452,13484,8452,12010,14919,12010,14059,12010
3207,3031,7814,1871,7814,7814,272,3050,4367,7814,3601,3129,3579,4299,3580,2725,7814,7814,2760,7814,7814,3388,7814,3886,3579,3082,2742,696,7814,1294,4958,7814,1097,7814,7814,2447,7814,7814,4064,4248,7814,2667,5463,11596,7814,7814,4892,684,7814,5519,7814,7814,7814,8213,5489,10431,10431,19894,4914,23201,7814,7814,8736,7814,16915,17195,12683,18418,2898,3328,7814,7814,20522,7814,10017,7814,8307,7814,8242,5722,7814,12696,10865,7814,7814,7814,15073,9657,7814,7814,7814,7814,7814,12404,7814,10377,16212,7814,16212,7814,7814,7814,7814,8457,4327,7717,7814,7394,14625,18312,11776,11669,22789,22951,20228,14814,7814,7814,18762,25060,8956,9935,7814,13039,7814,7524,16920,5382,7540,1453,6168896,7055,2521,7055,7862,3717,7862,3228,7862
5200,5630,7655,6941,7655,7655,6819,4912,5731,7655,4849,7047,4828,9370,5096,5918,7655,7655,5647,7655,7655,5019,7655,7883,4828,8126,4864,6798,7655,6281,4371,7655,6254,7655,7655,5789,7655,7655,8622,8884,7655,7738,11709,17841,7655,7655,11138,6187,7655,11723,7655,7655,7655,14594,11734,16534,16534,23876,11016,18767,7655,7655,9340,7655,17509,17469,18786,18691,5383,7432,7655,7655,20796,7655,15651,7655,12856,7655,13879,10316,7655,17115,16472,7655,7655,7655,10639,5224,7655,7655,7655,7655,7655,7970,7655,14203,11778,7655,11778,7655,7655,7655,7655,9542,9397,5401,7655,5183,8932,13393,6122,6015,18355,17582,15315,9318,7655,7655,13840,19410,3337,4387,7655,7373,7655,9165,12486,6817,10327,6215,6174998,9999,6524,9999,7519,3514,7519,7287,7519
13296,13120,11619,11699,11619,11619,10313,13303,14456,11619,13903,13217,13668,14128,13669,12814,11619,11619,12849,11619,11619,13476,11619,13921,13668,12911,12995,9587,11619,11383,15181,11619,11185,11619,11619,10768,11619,11619,13964,14148,11619,12496,8797,14729,11619,11619,9884,10724,11619,8741,11619,11619,11619,12888,8771,11091,11091,11089,7812,19051,11619,11619,5646,11619,8553,11406,12268,12310,11150,9985,11619,11619,14863,11619,5587,11619,2716,11619,4194,5220,11619,3860,3742,11619,11619,11619,21072,17646,11619,11619,11619,11619,11620,20420,11619,1029,18789,11619,18789,11619,11619,11619,11619,18500,14155,17806,11619,17483,22680,26367,20214,20329,18605,31007,28283,22869,11619,11619,26817,33550,17770,18820,11620,21519,11620,17567,20112,15471,4373,11244,6165927,7438,12441,7438,10378,13876,10378,13016,10378
5677,5678,13487,6023,13487,13487,7614,5779,4481,13487,5463,4977,5677,6216,5536,5760,13487,13487,5562,13487,13487,5653,13487,3793,5677,6294,6038,8181,13487,6683,5404,13487,6834,13487,13487,8879,13487,13487,4875,5137,13487,6338,11380,17472,13487,13487,10768,8219,13487,11436,13487,13487,13487,13913,11405,17612,17612,25657,12205,25552,13487,13487,14376,13487,22557,22831,19262,24053,8538,10035,13487,13487,26158,13487,17443,13487,15774,13487,15709,13189,13487,20163,18332,13487,13487,13487,17543,12192,13487,13487,13487,13487,13487,14755,13487,17844,18567,13487,18567,13487,13487,13487,13487,789,5847,3795,13487,4135,12514,16833,9840,9733,25140,19355,18754,12899,13487,13487,17280,21151,7368,6492,13487,9211,13487,214,19276,3204,14808,6416,6175443,14323,5249,14323,13487,5703,13487,5037,13487
8617,8618,14946,10929,14946,14946,11450,8575,7433,14946,8323,9066,8491,10477,8476,8941,14946,14946,8743,14946,14946,8683,14946,8708,8491,10760,8783,11923,14946,10407,6567,14946,10575,14946,14946,11518,14946,14946,9177,9396,14946,10803,16395,22214,14946,14946,15511,11165,14946,16450,14946,14946,14946,18401,16420,21658,21658,30861,16141,21162,14946,14946,16777,14946,24946,24906,24122,25981,11112,12719,14946,14946,23800,14946,21244,14946,19534,14946,19469,16949,14946,23923,22092,14946,14946,14946,13182,7655,14946,14946,14946,14946,14946,10394,14946,21640,14176,14946,14176,14946,14946,14946,14946,5125,10107,3715,14946,4031,7713,12009,5055,4948,20749,14532,13930,8099,14946,14946,12456,16327,4649,3917,14946,4408,14946,4989,14884,6566,16637,10344,6180346,16309,10152,16309,13829,7844,13829,9939,13829
4977,5374,9548,7397,9548,9548,7910,4688,5063,9548,4593,6622,4605,9138,4890,5695,9548,9548,5424,9548,9548,4796,9548,7214,4605,7755,4896,8274,9548,7170,3432,9548,7338,9548,9548,7632,9548,9548,7953,8216,9548,7798,12726,18846,9548,9548,12143,7278,9548,12781,9548,9548,9548,15374,12751,18010,18010,26071,12493,18736,9548,9548,11233,9548,19402,19361,20262,20584,7226,8833,9548,9548,21344,9548,17543,9548,14749,9548,15772,12208,9548,19008,18365,9548,9548,9548,10608,5193,9548,9548,9548,9548,9548,7939,9548,16095,11747,9548,11747,9548,9548,9548,9548,7730,8926,3589,9548,3467,7218,11662,4226,4119,18324,15681,13577,7572,9548,9548,12111,17509,1405,2577,9548,5473,9548,7594,12455,5275,12295,7102,6176833,11962,6949,11962,9356,3938,9356,7712,9356
11452,11276,11033,9883,11033,11033,8469,11459,12612,11033,12059,11374,11824,12311,11825,10970,11033,11033,11005,11033,11033,11632,11033,12105,11824,11094,11151,7743,11033,9539,13337,11033,9342,11033,11033,9092,11033,11033,12148,12332,11033,10680,6271,11930,11033,11033,7359,8880,11033,6215,11033,11033,11033,9284,6246,8714,8714,10220,5287,21924,11033,11033,5428,11033,12336,14382,10424,15637,9714,8423,11033,11033,17736,11033,3520,11033,1798,11033,424,4160,11033,4046,2503,11033,11033,11033,22577,17060,11033,11033,11033,11033,11031,19831,11033,4520,21662,11033,21662,11033,11033,11033,11033,16684,12339,15962,11033,15639,22094,25781,19627,19743,21478,30420,27697,22283,11033,11033,26231,32961,17184,18179,11031,20930,11031,15751,22985,13627,4179,9495,6164129,6861,10692,6861,10476,12039,10476,11267,10476
14554,14983,12902,16305,12902,12902,16119,14266,15216,12902,14203,16400,14182,18734,14450,15272,12902,12902,15001,12902,12902,14373,12902,17312,14182,17490,14140,16098,12902,15645,13900,12902,15540,12902,12902,15036,12902,12902,18051,18393,12902,17102,21009,27141,12902,12902,20437,15487,12902,21023,12902,12902,12902,23758,21034,25833,25833,31613,20316,8869,12902,12902,18103,12902,16130,14708,28086,13658,14629,16331,12902,12902,11508,12902,24946,12902,21604,12902,23175,19611,12902,23565,23911,12902,12902,12902,1755,6292,12902,12902,12902,12902,12902,3507,12902,19622,2420,12902,2420,12902,12902,12902,12902,18609,18761,14468,12902,14460,8078,9604,9131,9238,8457,14243,11266,7794,12902,12902,10053,17986,11494,11969,12902,10443,12902,18715,3129,16408,13813,15510,6180796,15581,16578,15581,10393,13509,10393,17285,10393
20932,21329,20050,23127,20050,20050,22989,20644,20510,20050,20549,22143,20560,24269,20845,21651,20050,20050,21379,20050,20050,20752,20050,22187,20560,23710,20852,22969,20050,22466,19144,20050,22439,20050,20050,21907,20050,20050,22928,23191,20050,23754,27879,34012,20050,20050,27308,22358,20050,27894,20050,20050,20050,30780,27905,32704,32704,41895,27187,21127,20050,20050,25507,20050,28425,27054,34957,26004,21500,23202,20050,20050,23766,20050,31817,20050,29023,20050,30046,26482,20050,33281,32639,20050,20050,20050,14160,13374,20050,20050,20050,20050,20050,12812,20050,30369,14030,20050,14030,20050,20050,20050,20050,20045,23900,18330,20050,18216,8967,5316,11851,11958,20715,424,4378,9239,20050,20050,3968,4120,15045,15954,20050,10605,20050,19910,13531,20051,25479,22186,6191164,25801,22118,25801,19388,19023,19388,22650,19388
12887,13284,12721,15307,12721,12721,15661,12599,12448,12721,12503,14081,12515,16208,12800,13605,12721,12721,13334,12721,12721,12706,12721,14126,12515,15665,12806,15640,12721,15080,11082,12721,15110,12721,12721,14578,12721,12721,14867,15129,12721,15708,20636,26756,12721,12721,20053,15029,12721,20691,12721,12721,12721,23284,20661,25375,25375,32265,19858,14989,12721,12721,18178,12721,22287,20916,27628,19865,14171,15873,12721,12721,17627,12721,24488,12721,21694,12721,22717,19153,12721,25953,25310,12721,12721,12721,7473,6046,12721,12721,12721,12721,12721,5482,12721,23040,7892,12721,7892,12721,12721,12721,12721,13205,15839,10269,12721,10154,803,4222,3806,3913,14577,8836,6144,1296,12721,12721,4669,12516,6983,7893,12721,3686,12721,13069,7400,11990,18157,14778,6183510,18479,14585,18479,12066,11574,12066,15326,12066
8332,15518,13999,14129,15623,15378,12506,15708,16770,19446,16092,15631,15829,16287,15728,15316,15502,15579,15310,15605,15788,15476,16231,16486,14907,14863,15844,12022,12836,13674,17001,15943,13576,16030,15863,13017,16941,16574,16433,15285,15000,14746,12848,11937,11948,8683,11438,6718,10263,13230,14198,8197,11556,13336,11069,8366,8629,7611,9789,18434,10220,9813,9912,11699,12011,14002,13862,14794,13051,12513,13867,11616,17214,3506,7087,6913,6027,5062,4667,8640,8373,1126,2224,2064,7250,20954,21533,20713,21395,21717,22584,21777,23850,22424,22906,24444,23322,23322,23419,23735,24558,14112,21533,20415,16574,20182,20062,19994,25656,29487,23096,23210,23319,33887,31201,24793,25898,25525,29853,31397,20773,20691,29287,24053,25551,20328,23648,17898,9789,13897,13703,15623,15040,6077,16814,16315,6718,15474,10263
4712,4536,9423,2316,9423,9423,2155,5439,5872,9423,5319,4052,5084,4504,5085,4231,9423,9423,4265,9423,9423,4893,9423,4550,5084,3532,5131,1874,9423,2547,6911,9423,2736,9423,9423,3829,9423,9423,4518,4702,9423,2877,3037,9203,9423,9423,2577,3003,9423,3092,9423,9423,9423,5898,3062,9269,9269,15321,3861,25326,9423,9423,8859,9423,17747,18042,10919,19298,4452,4710,9423,9423,21396,9423,9902,9423,8233,9423,8168,5649,9423,12622,10791,9423,9423,9423,17198,11782,9423,9423,9423,9423,9423,14529,9423,10303,18337,9423,18337,9423,9423,9423,9423,9121,4531,9208,9423,8909,16796,20437,13827,13720,24914,25076,22353,16939,9423,9423,20887,27111,11007,11449,9423,15089,9423,8188,19045,6486,7805,2458,6167124,7320,3175,7320,9484,5631,9484,3593,9484
13326,13150,13010,11757,13010,13010,10343,13333,14486,13010,13933,13247,13698,14185,13699,12844,13010,13010,12879,13010,13010,13506,13010,13979,13698,12968,13025,9617,13010,11413,15211,13010,11215,13010,13010,10966,13010,13010,14022,14206,13010,12554,8019,11590,13010,13010,9106,10754,13010,7963,13010,13010,13010,11031,7993,7952,7952,8163,7034,22421,13010,13010,7199,13010,12060,14879,9130,15817,11588,10297,13010,13010,18233,13010,2448,13010,3320,13010,2071,6034,13010,3242,551,13010,13010,13010,24442,18976,13010,13010,13010,13010,13011,21750,13010,4399,22159,13010,22159,13010,13010,13010,13010,18558,14213,17836,13010,17513,24010,27697,21544,21659,21975,32337,29613,24199,13010,13010,28147,34880,19100,20053,13011,22848,13011,17625,23482,15501,5967,11354,6162821,8861,12551,8861,12477,13899,12477,13126,12477
14982,15412,13331,16734,13331,13331,16547,14695,15644,13331,14632,16829,14610,19162,14879,15701,13331,13331,15429,13331,13331,14802,13331,17741,14610,17918,14569,16526,13331,16074,14329,13331,15968,13331,13331,15464,13331,13331,18480,18822,13331,17531,21437,27570,13331,13331,20866,15916,13331,21452,13331,13331,13331,24187,21463,26262,26262,32113,20745,8984,13331,13331,18255,13331,16282,14911,28514,13861,15058,16760,13331,13331,11623,13331,25375,13331,21756,13331,23859,20040,13331,23717,24063,13331,13331,13331,2713,6700,13331,13331,13331,13331,13331,3925,13331,19774,2577,13331,2577,13331,13331,13331,13331,18682,19190,14906,13331,14899,6604,8129,8501,8608,8572,12768,9791,6320,13331,13331,8578,16511,11842,12408,13331,9780,13331,18547,1145,16756,14858,16193,6181841,16626,16971,16626,11177,13961,11177,17735,11177
9460,9284,13748,7064,13748,13748,6903,10187,10620,13748,10067,8800,9832,8866,9833,8978,13748,13748,9013,13748,13748,9640,13748,9298,9832,7785,9878,6622,13748,7295,11659,13748,7483,13748,13748,8577,13748,13748,8848,9032,13748,7133,3085,4456,13748,13748,2444,7751,13748,3140,13748,13748,13748,1903,3110,5720,5720,9916,4064,27736,13748,13748,11011,13748,19140,20194,6316,21449,9199,9225,13748,13748,23548,13748,8426,13748,8832,13748,7414,7578,13748,11890,10014,13748,13748,13748,21946,16530,13748,13748,13748,13748,13748,19277,13748,11323,23084,13748,23084,13748,13748,13748,13748,13869,8894,13956,13748,13656,21544,25185,18575,18468,27290,29824,27101,21686,13748,13748,25635,31858,15754,16197,13748,19837,13748,12936,23793,11234,10136,7203,6162531,10272,7920,10272,13186,10376,13186,8003,13186
7808,7711,12209,9706,12209,12209,10543,7520,6526,12209,7424,8159,7436,10171,7721,8034,12209,12209,7836,12209,12209,7628,12209,8049,7436,9987,7728,11015,12209,9500,5660,12209,9668,12209,12209,10342,12209,12209,8830,9092,12209,10031,15043,21155,12209,12209,14452,10110,12209,15099,12209,12209,12209,17606,15069,20751,20751,33267,15234,19906,12209,12209,13894,12209,22063,22022,22926,23245,9936,11986,12209,12209,22545,12209,20204,12209,17410,12209,18433,14870,12209,21669,21026,12209,12209,12209,11927,6400,12209,12209,12209,12209,12209,9139,12209,18756,12921,12209,12921,12209,12209,12209,12209,6496,9802,3291,12209,3284,7033,11502,4030,3923,19494,14972,13415,7412,12209,12209,11952,16767,1773,1649,12209,4822,12209,6361,13629,5921,15120,9536,6179658,14787,9156,14787,12227,6763,12227,9620,12227
14673,15025,11760,15170,11760,11760,14610,14125,15736,11760,14676,16246,14613,17599,14858,15009,11760,11760,15010,11760,11760,14649,11760,17102,14613,16355,13817,13884,11760,14510,15831,11760,14414,11760,11760,11929,11760,11760,17280,17464,11760,15967,14492,21594,11760,11760,15579,13741,11760,14436,11760,11760,11760,18875,14466,18375,18375,18083,13507,10654,11760,11760,6195,11760,2736,3098,20529,4353,11307,11785,11760,11760,6465,11760,13848,11760,9696,11760,11799,9635,11760,10267,12003,11760,11760,11760,14423,17787,11760,11760,11760,11760,11760,15727,11760,7714,12140,11760,12140,11760,11760,11760,11760,20633,17626,18690,11760,18368,20117,21649,20355,20470,10208,26288,23312,19833,11760,11760,22099,30031,17911,18960,11760,21659,11760,19699,13463,17073,7445,14668,6173028,9716,15736,9716,9966,14744,9966,16443,9966
9673,9497,9465,8076,9465,9465,6690,9681,10833,9465,10280,9595,10045,10505,10046,9191,9465,9465,9226,9465,9465,9854,9465,10299,10045,9288,9372,5964,9465,7760,11558,9465,7563,9465,9465,7307,9465,9465,10342,10526,9465,8873,4951,10921,9465,9465,6039,7101,9465,4895,9465,9465,9465,8274,4926,7705,7705,10905,3967,22074,9465,9465,5539,9465,12861,14532,9958,15788,7929,6638,9465,9465,17886,9465,3343,9465,2978,9465,1616,2426,9465,6091,4239,9465,9465,9465,20777,15334,9465,9465,9465,9465,9465,18107,9465,5044,21812,9465,21812,9465,9465,9465,9465,14877,10532,14183,9465,13860,20368,24055,17901,18017,21628,28694,25971,20556,9465,9465,24505,31237,15457,16401,9465,19206,9465,13944,22624,11848,4165,7674,6164692,5135,8871,5135,9216,10247,9216,9446,9216
19351,19781,17699,21102,17699,17699,20916,19063,20013,17699,19000,21197,18979,23531,19247,20069,17699,17699,19798,17699,17699,19170,17699,22109,18979,22287,18938,20895,17699,20442,18698,17699,20337,17699,17699,19833,17699,17699,22849,23190,17699,21899,23963,31065,17699,17699,25051,20284,17699,23907,17699,17699,17699,28347,23938,27846,27846,26462,22978,2531,17699,17699,15786,17699,10568,8372,30103,7321,19631,20100,17699,17699,5139,17699,23439,17699,19287,17699,21390,19106,17699,19614,21594,17699,17699,17699,6993,11069,17699,17699,17699,17699,17699,8293,17699,17305,4701,17699,4701,17699,17699,17699,17699,23416,23559,19274,17699,19267,12679,14211,13907,14013,2119,18850,15873,12394,17699,17699,14660,22593,16210,16776,17699,15219,17699,23522,6025,21124,15241,20101,6180834,17485,21169,17485,15524,18100,15524,21876,15524
6211,6212,14063,8164,14063,14063,9044,6312,5027,14063,5997,6660,6211,8357,6070,6535,14063,14063,6337,14063,14063,6187,14063,5934,6211,8435,6891,9517,14063,8001,4675,14063,8169,14063,14063,9626,14063,14063,7016,7278,14063,8479,13521,19613,14063,14063,12909,9273,14063,13577,14063,14063,14063,16054,13546,19252,19252,29743,13735,23574,14063,14063,15058,14063,23223,23497,21403,24719,9220,10827,14063,14063,26213,14063,18838,14063,17128,14063,17063,14543,14063,21517,19686,14063,14063,14063,15564,10325,14063,14063,14063,14063,14063,12776,14063,19198,16588,14063,16588,14063,14063,14063,14063,2633,7988,1816,14063,2156,10381,14699,7753,7646,23161,17222,16620,10766,14063,14063,15146,19017,5390,4514,14063,7078,14063,2498,17297,4097,15423,7894,6177377,14937,7264,14937,13265,5932,13265,7459,13265
15396,15792,14513,17590,14513,14513,17452,15107,14957,14513,15012,16590,15024,18716,15308,16114,14513,14513,15843,14513,14513,15215,14513,16634,15024,18173,15315,17432,14513,16929,13591,14513,16902,14513,14513,16370,14513,14513,17375,17638,14513,18217,22342,28475,14513,14513,21771,16821,14513,22357,14513,14513,14513,25243,22368,27167,27167,37104,21650,15590,14513,14513,19970,14513,22888,21517,29420,20467,15963,17665,14513,14513,18229,14513,26280,14513,23486,14513,24509,20945,14513,27745,27102,14513,14513,14513,8623,7838,14513,14513,14513,14513,14513,7275,14513,24832,8493,14513,8493,14513,14513,14513,14513,15984,18347,12777,14513,12663,3430,1270,6315,6421,15178,5763,3071,3702,14513,14513,1596,9506,9492,10401,14513,6466,14513,15849,7994,14498,19935,16888,6185620,20257,17162,20257,13843,14152,13843,17903,13843
3657,3481,8745,1237,8745,8745,1317,4385,4817,8745,4264,2989,4029,3540,4030,3176,8745,8745,3210,8745,8745,3838,8745,3487,4029,2448,4077,1197,8745,1494,5856,8745,1682,8745,8745,3152,8745,8745,3507,3691,8745,2034,4116,10212,8745,8745,3509,2130,8745,4172,8745,8745,8745,6830,4141,10348,10348,18154,4941,24429,8745,8745,9325,8745,17791,18071,11998,19294,3774,4033,8745,8745,21398,8745,10367,8745,8699,8745,8634,6114,8745,13088,11257,8745,8745,8745,16301,10885,8745,8745,8745,8745,8745,13631,8745,10769,17439,8745,17439,8745,8745,8745,8745,8038,3567,8144,8745,7845,15741,19540,12772,12665,24016,24179,21455,16041,8745,8745,19990,26056,9952,10385,8745,14035,8745,7105,18148,5423,8199,1491,6168199,7714,2090,7714,8809,4664,8809,2653,8809
13186,13010,11510,11589,11510,11510,10203,13194,14346,11510,13793,13108,13558,14018,13559,12704,11510,11510,12739,11510,11510,13367,11510,13812,13558,12801,12885,9477,11510,11273,15071,11510,11076,11510,11510,10659,11510,11510,13855,14039,11510,12386,8687,14177,11510,11510,9775,10614,11510,8631,11510,11510,11510,12749,8661,10539,10539,10549,7702,19380,11510,11510,5536,11510,9021,11839,11716,12777,11040,9875,11510,11510,15192,11510,5035,11510,2606,11510,3654,5110,11510,3298,3170,11510,11510,11510,21402,17537,11510,11510,11510,11510,11510,20311,11510,1350,19118,11510,19118,11510,11510,11510,11510,18390,14045,17696,11510,17373,22570,26258,20104,20220,18935,30897,28173,22759,11510,11510,26708,33441,17660,18711,11510,21409,11510,17457,20442,15361,4309,11180,6165447,7374,12377,7374,10705,13812,10705,12952,10705
2426,2251,7720,1174,7720,7720,1217,2467,3586,7720,2871,2348,2636,3602,2699,1945,7720,7720,1979,7720,7720,2489,7720,3106,2636,2358,2159,1637,7720,513,4375,7720,401,7720,7720,2980,7720,7720,3283,3467,7720,1970,6006,12127,7720,7720,5424,1320,7720,6061,7720,7720,7720,8734,6031,11373,11373,19069,5855,22511,7720,7720,8584,7720,16763,17043,13625,18265,2746,4153,7720,7720,20370,7720,10959,7720,9248,7720,9183,6664,7720,13637,11807,7720,7720,7720,14383,8967,7720,7720,7720,7720,7720,11714,7720,11319,15521,7720,15521,7720,7720,7720,7720,7677,3630,6937,7720,6614,13935,17622,11341,11087,22099,22261,19538,14123,7720,7720,18072,24677,8373,9154,7720,12646,7720,6744,16230,4602,8399,652,6169895,7913,1720,7913,7763,3038,7763,2427,7763
8383,8616,6847,7196,6847,6847,5810,7835,9446,6847,8387,8714,8323,9624,8568,8311,6847,6847,8345,6847,6847,8359,6847,9418,8323,8407,7527,5084,6847,6879,9668,6847,6682,6847,6847,4811,6847,6847,9461,9645,6847,7993,5578,12571,6847,6847,6716,6220,6847,5522,6847,6847,6847,9962,5553,9364,9364,13789,4593,20037,6847,6847,3312,6847,12200,12496,11609,13751,5433,4028,6847,6847,15849,6847,6475,6847,4013,6847,4700,730,6847,8363,7323,6847,6847,6847,18159,12716,6847,6847,6847,6847,6847,15489,6847,6083,19297,6847,19297,6847,6847,6847,6847,13997,9652,12526,6847,12204,17750,21437,15283,15399,19591,26076,23353,17938,6847,6847,21887,28619,12839,13889,6847,16588,6847,13064,20006,10783,3183,6888,6167851,2537,8054,2537,6474,7959,6474,8660,6474
8091,7915,10579,5695,10579,10579,5396,8386,9251,10579,8698,7431,8463,7581,8464,7609,10579,10579,7644,10579,10579,8271,10579,7929,8463,6499,8078,4670,10579,5926,10290,10579,6114,10579,10579,6626,10579,10579,7563,7747,10579,5848,379,7915,10579,10579,1462,5807,10579,323,10579,10579,10579,4847,353,6043,6043,12582,635,24679,10579,10579,7954,10579,16396,17138,7656,18393,7248,6057,10579,10579,20491,10579,6750,10579,6510,10579,5740,4522,10579,10215,8338,10579,10579,10579,19994,14579,10579,10579,10579,10579,10579,17325,10579,8580,21133,10579,21133,10579,10579,10579,10579,12500,7609,12587,10579,12287,19546,23233,16953,17068,24233,27873,25149,19735,10579,10579,23683,30289,14262,14828,10579,18257,10579,11567,21841,9865,7079,5863,6163889,7202,6579,7202,10098,8852,10098,6893,10098
4615,4215,11875,3261,11875,11875,4656,5321,3745,11875,4869,2708,4987,1146,4526,4133,11875,11875,4168,11875,11875,4795,11875,1937,4987,2095,5772,5256,11875,3717,5651,11875,4001,11875,11875,7211,11875,11875,1005,743,11875,2597,7976,13796,11875,11875,7092,5445,11875,8032,11875,11875,11875,9983,8002,14180,14180,20793,8773,26179,11875,11875,12738,11875,20917,21197,15703,22419,6900,8092,11875,11875,24524,11875,14476,11875,12808,11875,12743,10223,11875,17197,15366,11875,11875,11875,18051,12636,11875,11875,11875,11875,11875,15382,11875,14878,19190,11875,19190,11875,11875,11875,11875,6290,678,6777,11875,6535,14892,19332,11889,11783,25767,23342,21248,15242,11875,11875,19782,25169,9069,9076,11875,13152,11875,5357,19898,4113,12250,3666,6171914,11765,2540,11765,11948,5378,11948,1777,11948
20988,21418,19337,22740,19337,19337,22553,20701,21650,19337,20638,22835,20616,25168,20885,21707,19337,19337,21435,19337,19337,20808,19337,23747,20616,23924,20575,22533,19337,22080,20335,19337,21974,19337,19337,20985,19337,19337,24486,24828,19337,23537,23572,30674,19337,19337,24660,21922,19337,23516,19337,19337,19337,27956,23547,27456,27456,24253,22588,1838,19337,19337,15275,19337,8989,6793,29610,5743,20363,20832,19337,19337,3505,19337,22929,19337,18776,19337,20880,18715,19337,18035,20756,19337,19337,19337,8610,12706,19337,19337,19337,19337,19337,9931,19337,16795,6339,19337,6339,19337,19337,19337,19337,25053,25196,20912,19337,20905,14316,15848,15544,15651,1392,20487,17511,14032,19337,19337,16298,24230,17848,18414,19337,16856,19337,25159,7662,22762,13814,19790,6179407,16058,20858,16058,14097,17788,14097,21565,14097
5973,6325,3108,6465,3108,3108,5905,5425,7036,3108,5976,7546,5913,8894,6158,6309,3108,3108,6310,3108,3108,5949,3108,8398,5913,7650,5117,5179,3108,5805,7147,3108,5709,3108,3108,3224,3108,3108,8575,8759,3108,7262,7972,14724,3108,3108,9028,5036,3108,7916,3108,3108,3108,12430,7947,11508,11508,15737,7021,19565,3108,3108,3260,3108,11429,11709,13762,12931,2602,3063,3108,3108,15036,3108,9700,3108,6776,3108,7929,4173,3108,11035,10392,3108,3108,3108,14548,9105,3108,3108,3108,3108,3108,11879,3108,8123,15686,3108,15686,3108,3108,3108,3108,11932,8922,10005,3108,9683,14139,17826,11672,11788,19152,22465,19742,14328,3108,3108,18276,25009,9229,10279,3108,12977,3108,10999,16395,8373,4520,5942,6170025,4191,7009,4191,3163,6038,3163,7717,3163
15502,15326,15050,13916,15050,15050,12520,15510,16662,15050,16109,15424,15874,16344,15876,15021,15050,15050,15055,15050,15050,15683,15050,16138,15874,15127,15202,11794,15050,13589,17388,15050,13392,15050,15050,13142,15050,15050,16181,16365,15050,14712,10169,13736,15050,15050,11257,12930,15050,10113,15050,15050,15050,13181,10144,10098,10098,6911,9184,21263,15050,15050,9081,15050,10823,13676,11276,14580,13765,12473,15050,15050,17075,15050,4595,15050,5253,15050,4248,8210,15050,1901,2249,15050,15050,15050,25682,21173,15050,15050,15050,15050,15050,23947,15050,5640,23399,15050,23399,15050,15050,15050,15050,20717,16372,20013,15050,19689,26207,29894,23740,23856,20817,34533,31810,26396,15050,15050,30344,37077,21297,22230,15050,25045,15050,19784,24723,17677,7802,13515,6162949,10858,14712,10858,14416,16081,14416,15287,14416
6027,5851,10817,3662,10817,10817,3549,6935,7187,10817,6633,5269,6399,4953,6400,5545,10817,10817,5580,10817,10817,6207,10817,5767,6399,3871,6502,3268,10817,3919,8226,10817,4107,10817,10817,5223,10817,10817,4935,5119,10817,3219,2787,8613,10817,10817,1903,4397,10817,2843,10817,10817,10817,4393,2813,9173,9173,16989,3766,26854,10817,10817,9913,10817,18801,19097,10521,20352,5845,6104,10817,10817,22450,10817,9624,10817,9187,10817,8614,6602,10817,13090,11212,10817,10817,10817,18726,13310,10817,10817,10817,10817,10817,16056,10817,11257,19864,10817,19864,10817,10817,10817,10817,10320,4980,10436,10817,10137,18110,21965,15142,15035,26441,26604,23881,18495,10817,10817,22415,28425,12321,12677,10817,16404,10817,9387,20573,7715,8721,3905,6166732,8235,4225,8235,10891,7092,10891,4091,10891
13553,13905,10640,14050,10640,10640,13490,13005,14616,10640,13556,15126,13493,16478,13738,13889,10640,10640,13890,10640,10640,13529,10640,15982,13493,15234,12696,12764,10640,13390,14711,10640,13293,10640,10640,10809,10640,10640,16160,16344,10640,14847,14519,21620,10640,10640,15606,12621,10640,14463,10640,10640,10640,18902,14493,18402,18402,31546,13534,17628,10640,10640,6716,10640,10726,9773,20658,10995,10187,10655,10640,10640,13100,10640,14565,10640,10241,10640,12341,9662,10640,13616,13313,10640,10640,10640,18079,16383,10640,10640,10640,10640,10640,19157,10640,9193,15796,10640,15796,10640,10640,10640,10640,19512,16506,17569,10640,17247,21417,25305,18950,19066,17216,29944,26968,21606,10640,10640,25755,32287,16507,17557,10640,20255,10640,18579,17119,15953,8420,13903,6175403,10188,14970,10188,8227,13968,8227,15678,8227
8332,3367,4258,1333,2559,3227,1604,4404,4594,8682,4243,2819,3980,2181,3836,3165,3351,3428,3158,3454,4413,3806,3168,3390,2756,1505,4310,2318,3690,1495,5335,4094,1782,4302,4014,4154,3051,2684,2507,1392,1148,986,5292,8111,8452,12587,3935,15797,12144,5148,2168,15433,4140,5580,4648,13012,12624,18937,9262,19915,9993,9773,9606,7853,17182,18868,3674,19979,8262,5028,3564,17665,20882,12501,11304,8240,9767,11167,10264,8497,6505,13420,12823,14497,7413,11507,15899,10991,16147,16469,14308,16263,19192,13752,17407,14860,19059,19059,19210,18155,18567,2570,9147,7034,2684,7854,7722,7671,15620,19607,12751,12603,12538,23342,21321,15121,16226,15853,19973,21517,9893,9908,19125,13334,15879,6935,18154,5221,9262,1833,1504,2559,1767,9796,4137,4649,15797,1559,12144
2611,2963,5970,2951,5970,5970,2306,2060,3671,5970,2611,4042,2548,5380,2796,2805,5970,5970,2948,5970,5970,2587,5970,4883,2548,4136,1752,1917,5970,2291,3938,5970,2195,5970,5970,1237,5970,5970,5061,5245,5970,3748,6828,12961,5970,5970,6257,1522,5970,6842,5970,5970,5970,9578,6854,11653,11653,19429,6136,21796,5970,5970,6841,5970,15020,15300,13905,16522,1003,2350,5970,5970,18627,5970,11239,5970,9529,5970,9464,6620,5970,13918,12087,5970,5970,5970,13668,8252,5970,5970,5970,5970,5970,10999,5970,11599,14806,5970,14806,5970,5970,5970,5970,8568,5407,6796,5970,6474,13220,16907,10626,10742,21383,21546,18823,13408,5970,5970,17357,23962,7936,8961,5970,11931,5970,7635,15515,5008,7732,2444,6170045,7246,3512,7246,6029,2664,6029,4219,6029
16163,15987,15838,14576,15838,15838,13180,16170,17323,15838,16770,16084,16535,17005,16536,15681,15838,15838,15716,15838,15838,16343,15838,16798,16535,15787,15862,12454,15838,14250,18048,15838,14053,15838,15838,13803,15838,15838,16841,17025,15838,15373,10829,14396,15838,15838,11917,13591,15838,10774,15838,15838,15838,13842,10804,10759,10759,7584,9845,21104,15838,15838,9869,15838,10664,13517,11936,14421,14425,13134,15838,15838,16916,15838,5255,15838,6042,15838,4908,8871,15838,2167,2858,15838,15838,15838,25827,21833,15838,15838,15838,15838,15838,24607,15838,6428,23544,15838,23544,15838,15838,15838,15838,21377,17032,20673,15838,20350,26867,30555,24401,24516,20658,35194,32470,27056,15838,15838,31004,37737,21957,22890,15838,25706,15838,20444,24867,18338,8657,14197,6162720,11618,15394,11618,15270,16763,15270,15969,15270
7121,7435,11522,9542,11522,11522,10054,6833,6430,11522,6738,8063,6749,10075,7034,7840,11522,11522,7568,11522,11522,6941,11522,7953,6749,9899,7041,10419,11522,9314,5295,11522,9483,11522,11522,9656,11522,11522,8734,8997,11522,9943,14870,20990,11522,11522,14287,9423,11522,14926,11522,11522,11522,17518,14895,20154,20154,31410,14637,19327,11522,11522,13207,11522,21376,21335,22407,22558,9249,11299,11522,11522,21966,11522,19518,11522,16723,11522,17746,14183,11522,20982,20339,11522,11522,11522,11318,5722,11522,11522,11522,11522,11522,8530,11522,18069,12342,11522,12342,11522,11522,11522,11522,7337,9706,3195,11522,3188,6380,10849,3378,3271,18915,14830,12763,6759,11522,11522,11299,16658,1109,688,11522,4640,11522,7201,13050,5826,14433,9239,6178970,14099,8747,14099,11540,6076,11540,9071,11540
616,1073,8123,3036,8123,8123,3852,401,1357,8123,215,2431,307,4777,459,1334,8123,8123,1063,8123,8123,435,8123,3436,307,3393,660,4068,8123,2809,1746,8123,2977,8123,8123,3515,8123,8123,4198,4397,8123,3437,8364,14485,8123,8123,7781,3042,8123,8420,8123,8123,8123,11013,8390,13804,13804,21478,8287,21304,8123,8123,9013,8123,17194,17467,16056,18690,3175,4672,8123,8123,20795,8123,13390,8123,11680,8123,11614,9095,8123,16069,14238,8123,8123,8123,13176,7760,8123,8123,8123,8123,8123,10507,8123,13750,14314,8123,14314,8123,8123,8123,8123,6253,4888,4605,8123,4283,11534,15995,8565,8458,20892,20020,17916,11919,8123,8123,16442,21848,5745,6770,8123,9827,8123,5320,15023,2694,9779,2725,6172233,9294,2572,9294,8190,504,8190,3335,8190
2962,2689,11121,2891,11121,11121,4462,3399,1821,11121,3084,1825,3298,3282,2896,2868,11121,11121,2720,11121,11121,3012,11121,641,3298,3160,3658,5029,11121,3523,3726,11121,3681,11121,11121,6671,11121,11121,1941,2204,11121,3204,8228,14339,11121,11121,7636,5066,11121,8284,11121,11121,11121,10779,8253,14460,14460,23956,9053,24257,11121,11121,12011,11121,20192,20465,16110,21688,6173,7865,11121,11121,23793,11121,14283,11121,12614,11121,12549,10029,11121,17003,15172,11121,11121,11121,16129,10714,11121,11121,11121,11121,11121,13460,11121,14684,17268,11121,17268,11121,11121,11121,11121,4160,2913,4531,11121,4226,12649,17118,9646,9539,23845,21098,19031,13028,11121,11121,17568,22926,6826,6801,11121,10908,11121,3227,17976,1462,12050,3348,6172318,11565,2230,11565,11190,3445,11190,2535,11190
7308,7309,14647,9331,14647,14647,10141,7266,6124,14647,7014,7758,7183,9523,7167,7632,14647,14647,7434,14647,14647,7374,14647,7101,7183,9601,7474,10614,14647,9098,5258,14647,9267,14647,14647,10210,14647,14647,8182,8445,14647,9645,14688,20779,14647,14647,14076,9856,14647,14743,14647,14647,14647,17221,14713,20349,20349,31792,14832,22461,14647,14647,15641,14647,23806,24080,22570,25302,9803,11411,14647,14647,25100,14647,19935,14647,18225,14647,18160,15641,14647,22614,20783,14647,14647,14647,14481,8954,14647,14647,14647,14647,14647,11694,14647,20295,15475,14647,15475,14647,14647,14647,14647,3805,9154,2406,14647,2722,9010,13328,6382,6276,22049,15851,15250,9395,14647,14647,13775,17646,4556,3825,14647,5707,14647,3670,16184,5263,16561,9032,6179032,16075,8838,16075,13846,6533,13846,8626,13846
17242,17066,18400,15382,18400,18400,14259,17249,18401,18400,17848,17119,17614,17340,17615,16760,18400,18400,16795,18400,18400,17422,18400,17617,17614,16258,16941,13533,18400,15158,19127,18400,15131,18400,18400,15488,18400,18400,17322,17506,18400,15607,10184,6758,18400,18400,11272,14670,18400,10128,18400,18400,18400,10481,10158,4650,4650,754,9513,28097,18400,18400,14253,18400,17657,20510,3931,21414,16110,14795,18400,18400,23909,18400,6601,18400,10362,18400,8814,12132,18400,10553,7836,18400,18400,18400,28857,23441,18400,18400,18400,18400,18400,26188,18400,11723,29483,18400,29483,18400,18400,18400,18400,22188,17368,21752,18400,21429,28409,32096,25815,25931,27651,36735,34012,28597,18400,18400,32546,39151,23125,23969,18400,27120,18400,21255,30806,19260,12766,15186,6155738,14600,16157,14600,18165,17810,18165,16518,18165
7507,7331,11429,5111,11429,11429,4950,8234,8667,11429,8114,6847,7879,6914,7880,7026,11429,11429,7060,11429,11429,7688,11429,7345,7879,5832,7925,4669,11429,5342,9706,11429,5531,11429,11429,6624,11429,11429,6896,7080,11429,5180,766,6788,11429,11429,491,5798,11429,822,11429,11429,11429,3719,792,7153,7153,14140,1745,25788,11429,11429,9063,11429,17505,18247,8649,19502,7246,6907,11429,11429,21600,11429,7859,11429,7618,11429,6848,5631,11429,11324,9447,11429,11429,11429,19993,14577,11429,11429,11429,11429,11429,17324,11429,9689,21132,11429,21132,11429,11429,11429,11429,11916,6941,12003,11429,11704,19591,23232,16622,16515,25342,27871,25148,19734,11429,11429,23682,29905,13802,14244,11429,17884,11429,10983,21840,9281,8179,5413,6164901,8320,6130,8320,11264,8586,11264,6346,11264
13490,13919,11308,15241,11308,11308,15055,13202,14151,11308,13139,15336,13117,17670,13386,14208,11308,11308,13937,11308,11308,13309,11308,16248,13117,16426,13076,15034,11308,14581,12836,11308,14476,11308,11308,13972,11308,11308,16987,17329,11308,16038,19944,26077,11308,11308,19373,14423,11308,19959,11308,11308,11308,22694,19970,24769,24769,30088,19252,9753,11308,11308,17616,11308,17015,15594,27022,14543,13565,15267,11308,11308,12361,11308,23882,11308,21132,11308,22111,18547,11308,24450,24748,11308,11308,11308,265,5340,11308,11308,11308,11308,11308,2498,11308,20507,2805,11308,2805,11308,11308,11308,11308,17656,17697,13515,11308,13508,7416,9971,8204,8311,9341,14610,11633,7131,11308,11308,10421,18353,10541,11017,11308,9516,11308,17762,3514,15120,12160,13578,6179143,13927,14645,13927,8510,11576,8510,15353,8510
13781,14211,11599,15533,11599,11599,15346,13494,14443,11599,13431,15628,13409,17961,13678,14500,11599,11599,14228,11599,11599,13601,11599,16540,13409,16717,13368,15326,11599,14873,13128,11599,14767,11599,11599,14264,11599,11599,17279,17621,11599,16330,20236,26369,11599,11599,19665,14715,11599,20251,11599,11599,11599,22986,20262,25061,25061,30308,19544,9192,11599,11599,17907,11599,16455,15033,27313,13982,13857,15559,11599,11599,11800,11599,24174,11599,21423,11599,22403,18839,11599,23889,24235,11599,11599,11599,771,5563,11599,11599,11599,11599,11599,2777,11599,19946,2244,11599,2244,11599,11599,11599,11599,17880,17989,13738,11599,13731,7614,9410,8402,8509,8780,14049,11072,7329,11599,11599,9860,17792,10765,11240,11599,9714,11599,17986,2953,15412,12721,13921,6179704,14489,14988,14489,8804,11919,8804,15696,8804
13911,14340,12259,15662,12259,12259,15476,13623,14573,12259,13560,15757,13539,18091,13807,14629,12259,12259,14358,12259,12259,13730,12259,16669,13539,16847,13497,15455,12259,15002,13257,12259,14897,12259,12259,14393,12259,12259,17408,17750,12259,16459,20366,26498,12259,12259,19795,14844,12259,20380,12259,12259,12259,23116,20391,25190,25190,31032,19673,8701,12259,12259,17972,12259,15999,14628,27443,13577,13986,15689,12259,12259,11340,12259,24303,12259,21473,12259,22532,18968,12259,23434,23780,12259,12259,12259,1642,5629,12259,12259,12259,12259,12259,2853,12259,19491,1496,12259,1496,12259,12259,12259,12259,17975,18118,13834,12259,13827,6615,8120,8466,8573,8289,12760,9783,6331,12259,12259,8570,16503,10770,11336,12259,9791,12259,18081,1895,15684,13774,15104,6180757,15542,15882,15542,10088,12872,10088,16646,10088
18420,18816,17505,20582,17505,17505,20445,18131,17981,17505,18036,19614,18048,21740,18332,19138,17505,17505,18867,17505,17505,18239,17505,19658,18048,21197,18339,20425,17505,19922,16615,17505,19895,17505,17505,19363,17505,17505,20399,20662,17505,21241,25335,31468,17505,17505,24764,19814,17505,25350,17505,17505,17505,28236,25361,30160,30160,39700,24643,18590,17505,17505,22963,17505,25888,24517,32412,23467,18956,20658,17505,17505,21229,17505,29273,17505,26479,17505,27502,23938,17505,30737,30094,17505,17505,17505,11623,10830,17505,17505,17505,17505,17505,10268,17505,27825,11493,17505,11493,17505,17505,17505,17505,19008,21371,15801,17505,15687,6454,2757,9339,9445,18178,3116,1682,6704,17505,17505,1424,6860,12516,13427,17505,9490,17505,18873,10994,17522,22937,19866,6188598,23260,20171,23260,16846,17161,16846,20912,16846
5803,5628,7517,4207,7517,7517,2821,5811,6963,7517,6410,5704,6176,6635,6177,5322,7517,7517,5357,7517,7517,5984,7517,6429,6176,5418,5503,2095,7517,3890,7689,7517,3693,7517,7517,3664,7517,7517,6472,6656,7517,5004,3482,10844,7517,7517,4369,3232,7517,3450,7517,7517,7517,7776,3480,8185,8185,16696,2668,22941,7517,7517,6216,7517,15104,15399,10438,16655,4286,2995,7517,7517,18753,7517,7213,7517,5552,7517,5487,2967,7517,9941,8110,7517,7517,7517,17419,12003,7517,7517,7517,7517,7517,14750,7517,7622,18557,7517,18557,7517,7517,7517,7517,11008,6663,10314,7517,9991,16971,20658,14377,14493,22495,25297,22574,17159,7517,7517,21108,27713,11687,12531,7517,15682,7517,10075,19266,7958,5654,3801,6166667,5168,4999,5168,7354,6375,7354,5574,7354
3054,2878,9712,1154,9712,9712,2472,3963,4214,9712,3661,2297,3426,1555,3427,2573,9712,9712,2607,9712,9712,3235,9712,2795,3426,557,4117,3073,9712,1534,5253,9712,1817,9712,9712,5028,9712,9712,1962,2146,9712,414,5957,11776,9712,9712,5073,3261,9712,6013,9712,9712,9712,7964,5982,12161,12161,19974,6754,24469,9712,9712,10575,9712,18754,19034,13684,20257,4737,5909,9712,9712,22362,9712,12293,9712,10625,9712,10560,8040,9712,15014,13183,9712,9712,9712,16341,10925,9712,9712,9712,9712,9712,13672,9712,12695,17479,9712,17479,9712,9712,9712,9712,7347,1583,7464,9712,7164,15138,19599,12169,12062,24057,23625,21520,15523,9712,9712,20046,25453,9349,9705,9712,13431,9712,6414,18188,4742,10056,1472,6169884,9570,1242,9570,9754,4108,9754,1066,9754
15903,15727,14647,14334,14647,14647,12920,15911,17063,14647,16510,15825,16275,16763,16276,15421,14647,14647,15456,14647,14647,16084,14647,16556,16275,15545,15602,12194,14647,13990,17788,14647,13793,14647,14647,13543,14647,14647,16599,16783,14647,15131,10730,14479,14647,14647,11818,13331,14647,10674,14647,14647,14647,13743,10705,10841,10841,8974,9746,19783,14647,14647,8677,14647,9343,12196,12019,13099,14165,12874,14647,14647,15595,14647,5337,14647,4886,14647,4648,8224,14647,570,2595,14647,14647,14647,24506,20674,14647,14647,14647,14647,14647,23448,14647,5215,22222,14647,22222,14647,14647,14647,14647,21135,16790,20413,14647,20090,25708,29395,23241,23357,19337,34034,31311,25896,14647,14647,29845,36578,20797,21848,14647,24546,14647,20202,23546,18078,7448,13970,6162893,10504,15167,10504,14062,16515,14062,15742,14062
4342,4349,11597,6402,11597,11597,7238,4217,3221,11597,3965,4855,4133,6867,4201,4729,11597,11597,4531,11597,11597,4325,11597,4784,4133,6682,4425,7711,11597,6195,2209,11597,6364,11597,11597,7160,11597,11597,5525,5788,11597,6726,11739,17851,11597,11597,11147,6807,11597,11795,11597,11597,11597,14302,11764,17446,17446,28927,11929,20864,11597,11597,12592,11597,20757,21031,19621,22253,6754,8361,11597,11597,23503,11597,17032,11597,15322,11597,15257,12738,11597,19711,17880,11597,11597,11597,12825,7357,11597,11597,11597,11597,11597,10096,11597,17392,13878,11597,13878,11597,11597,11597,11597,5365,6498,1203,11597,867,8436,12875,5433,5326,20452,16885,14791,8785,11597,11597,13325,18713,2613,2850,11597,6695,11597,5000,14587,2652,13300,6150,6175857,12967,5769,12967,10389,3382,10389,6094,10389
3269,2937,10829,2244,10829,10829,3811,4178,2790,10829,3768,1429,3641,1456,3426,2739,10829,10829,2822,10829,10829,3450,10829,1134,3641,1715,4426,4411,10829,2872,4644,10829,3156,10829,10829,6088,10829,10829,115,378,10829,1759,7350,13169,10829,10829,6466,4483,10829,7406,10829,10829,10829,9357,7375,13533,13533,19734,8126,25123,10829,10829,11691,10829,19870,20151,15077,21373,5853,7247,10829,10829,23478,10829,13632,10829,11963,10829,11898,9379,10829,16352,14521,10829,10829,10829,16995,11579,10829,10829,10829,10829,10829,14326,10829,14033,18133,10829,18133,10829,10829,10829,10829,5487,1087,5879,10829,5580,13937,18376,10934,10827,24711,22386,20292,14286,10829,10829,18826,24214,8114,8120,10829,12196,10829,4554,18842,3157,11355,2666,6171260,10869,1459,10869,10889,4312,10889,883,10889
12978,12802,12529,11409,12529,12529,9995,12986,14138,12529,13585,12900,13350,13838,13351,12497,12529,12529,12531,12529,12529,13159,12529,13631,13350,12620,12677,9269,12529,11065,14863,12529,10868,12529,12529,10618,12529,12529,13674,13858,12529,12206,7805,11890,12529,12529,8893,10406,12529,7749,12529,12529,12529,10818,7780,8252,8252,9062,6821,21630,12529,12529,6649,12529,11304,14088,9430,15060,11240,9949,12529,12529,17442,12529,2749,12529,2830,12529,1723,5686,12529,2986,1098,12529,12529,12529,23651,18556,12529,12529,12529,12529,12529,21330,12529,3608,21368,12529,21368,12529,12529,12529,12529,18210,13865,17488,12529,17165,23590,27277,21123,21239,21184,31916,29193,23778,12529,12529,27727,34460,18679,19706,12529,22428,12529,17277,22691,15153,5376,11013,6163127,8376,12211,8376,12008,13558,12008,12785,12008
3397,3398,10965,5371,10965,10965,6230,3499,2213,10965,3183,3847,3397,5836,3256,3721,10965,10965,3523,10965,10965,3373,10965,3470,3397,5652,3793,6703,10965,5187,1577,10965,5356,10965,10965,6528,10965,10965,4495,4757,10965,5695,10708,16820,10965,10965,10116,6175,10965,10764,10965,10965,10965,13271,10733,16438,16438,27159,10921,22314,10965,10965,11960,10965,20125,20399,18590,21621,6122,7729,10965,10965,23726,10965,16025,10965,14314,10965,14249,11730,10965,18703,16873,10965,10965,10965,14275,8807,10965,10965,10965,10965,10965,11546,10965,16385,15328,10965,15328,10965,10965,10965,10965,4112,5467,1764,10965,1459,9882,14351,6879,6772,21901,18331,16264,10261,10965,10965,14801,20159,4059,4034,10965,8141,10965,3653,16036,1305,12535,5007,6174693,12050,4605,12050,11006,2825,11006,4930,11006
13539,13363,11832,11888,11832,11832,10556,13547,14699,11832,14146,13461,13911,14317,13912,13058,11832,11832,13092,11832,11832,13720,11832,14110,13911,13100,13238,9830,11832,11626,15424,11832,11429,11832,11832,11179,11832,11832,14153,14338,11832,12685,8366,12819,11832,11832,9454,10967,11832,8311,11832,11832,11832,11379,8341,9181,9181,10036,7382,20701,11832,11832,5862,11832,10375,13159,10358,14132,11362,10174,11832,11832,16513,11832,3677,11832,2071,11832,2284,5409,11832,2383,1924,11832,11832,11832,22722,17859,11832,11832,11832,11832,11832,20633,11832,2679,20439,11832,20439,11832,11832,11832,11832,18689,14344,18049,11832,17726,22893,26580,20426,20542,20255,31219,28496,23081,11832,11832,27030,33763,17982,19033,11832,21731,11832,17756,21762,15714,4602,11405,6164058,7658,12602,7658,11216,14037,11216,13177,11216
15053,14877,14855,13467,14855,14855,12071,15061,16213,14855,15660,14975,15425,15895,15427,14572,14855,14855,14606,14855,14855,15234,14855,15689,15425,14678,14753,11345,14855,13140,16939,14855,12943,14855,14855,12693,14855,14855,15732,15916,14855,14263,9720,13287,14855,14855,10808,12481,14855,9664,14855,14855,14855,12732,9695,9649,9649,6450,8735,21836,14855,14855,9237,14855,11396,14249,10827,15153,13316,12024,14855,14855,17648,14855,4146,14855,5345,14855,3799,7761,14855,2604,1821,14855,14855,14855,26387,20724,14855,14855,14855,14855,14855,23498,14855,6344,24104,14855,24104,14855,14855,14855,14855,20268,15923,19564,14855,19240,25758,29445,23291,23407,21391,34084,31361,25947,14855,14855,29895,36628,20848,21781,14855,24596,14855,19335,25427,17228,7978,13052,6163411,10473,14249,10473,14481,15618,14481,14824,14481
14256,14080,13910,12687,13910,13910,11273,14264,15416,13910,14863,14178,14628,15115,14629,13774,13910,13910,13809,13910,13910,14436,13910,14909,14628,13898,13955,10547,13910,12343,16141,13910,12146,13910,13910,11896,13910,13910,14952,15136,13910,13484,8940,12507,13910,13910,10027,11684,13910,8884,13910,13910,13910,11952,8914,8869,8869,7602,7955,22059,13910,13910,8099,13910,11619,14472,10046,15376,12518,11227,13910,13910,17871,13910,3365,13910,4220,13910,3001,6964,13910,2575,476,13910,13910,13910,24898,19937,13910,13910,13910,13910,13911,22711,13910,4855,22614,13910,22614,13910,13910,13910,13910,19488,15143,18766,13910,18443,24971,28658,22505,22620,21613,33297,30574,25160,13910,13910,29108,35841,20061,20984,13911,23810,13911,18555,23938,16431,6887,12284,6162644,9780,13482,9780,13397,14830,13397,14057,13397
14679,15109,12497,16430,12497,12497,16244,14391,15341,12497,14328,16525,14307,18859,14575,15397,12497,12497,15126,12497,12497,14498,12497,17437,14307,17615,14265,16223,12497,15770,14025,12497,15665,12497,12497,15161,12497,12497,18176,18518,12497,17227,21134,27266,12497,12497,20563,15612,12497,21148,12497,12497,12497,23884,21159,25958,25958,30875,20441,9532,12497,12497,18765,12497,16793,15371,28211,14320,14755,16457,12497,12497,12170,12497,25071,12497,22266,12497,23300,19737,12497,24227,24573,12497,12497,12497,1432,6779,12497,12497,12497,12497,12497,3937,12497,20284,3158,12497,3158,12497,12497,12497,12497,19095,18886,14954,12497,14725,8855,10341,9643,9750,9119,14980,12004,8570,12497,12497,10791,18724,11980,12456,12497,10955,12497,19201,3866,16309,13071,14769,6180054,14839,15836,14839,9651,12767,9651,16544,9651
18872,19224,15959,19369,15959,15959,18809,18324,19935,15959,18875,20445,18812,21798,19057,19208,15959,15959,19209,15959,15959,18848,15959,21301,18812,20554,18016,18083,15959,18709,20030,15959,18612,15959,15959,16128,15959,15959,21479,21663,15959,20166,18732,25833,15959,15959,19819,17940,15959,18676,15959,15959,15959,23115,18706,22615,22615,25815,17747,7218,15959,15959,10435,15959,3506,1251,24338,250,15506,15975,15959,15959,3034,15959,17558,15959,13936,15959,16039,13875,15959,12551,15272,15959,15959,15959,14340,18475,15959,15959,15959,15959,15959,15700,15959,11446,12107,15959,12107,15959,15959,15959,15959,24832,21825,22889,15959,22567,20085,21617,21313,21420,6773,26256,23279,19801,15959,15959,22067,29999,21826,22876,15959,22625,15959,23899,13431,21272,11685,18782,6175101,13956,19849,13956,13105,18847,13105,20556,13105
14323,14147,12668,12754,12668,12668,11340,14331,15483,12668,14930,14245,14695,15183,14696,13842,12668,12668,13876,12668,12668,14504,12668,14976,14695,13966,14022,10615,12668,12410,16208,12668,12213,12668,12668,11963,12668,12668,15019,15203,12668,13551,9150,13225,12668,12668,10238,11751,12668,9095,12668,12668,12668,12163,9125,9587,9587,9380,8166,21004,12668,12668,6698,12668,10564,13417,10765,14321,12198,11294,12668,12668,16816,12668,4084,12668,2871,12668,3068,6147,12668,1849,1644,12668,12668,12668,23494,18695,12668,12668,12668,12668,12668,21469,12668,3451,21210,12668,21210,12668,12668,12668,12668,19555,15210,18833,12668,18510,23729,27416,21262,21378,20559,32055,29332,23917,12668,12668,27866,34599,18818,19869,12668,22567,12668,18622,22534,16498,5453,12116,6163517,8509,13313,8509,12067,14661,12067,13888,12067
14041,14471,12390,15793,12390,12390,15606,13754,14703,12390,13691,15888,13669,18222,13938,14760,12390,12390,14488,12390,12390,13861,12390,16800,13669,16977,13628,15586,12390,15133,13388,12390,15028,12390,12390,14524,12390,12390,17539,17881,12390,16590,20496,26629,12390,12390,19925,14975,12390,20511,12390,12390,12390,23246,20522,25321,25321,31452,19804,8526,12390,12390,17755,12390,15783,14361,27573,13310,14117,15819,12390,12390,11165,12390,24434,12390,21256,12390,22663,19099,12390,23218,23563,12390,12390,12390,1243,5780,12390,12390,12390,12390,12390,2995,12390,19274,1908,12390,1908,12390,12390,12390,12390,18097,18249,13955,12390,13948,7566,9091,8619,8726,8114,13731,10754,7282,12390,12390,9541,17474,10982,11457,12390,9931,12390,18203,2617,15896,13462,14913,6180445,15230,15980,15230,9838,12911,9838,16688,9838
7919,7743,7718,6323,7718,7718,4937,7927,9079,7718,8526,7841,8291,8751,8293,7438,7718,7718,7472,7718,7718,8100,7718,8545,8291,7534,7619,4211,7718,6006,9805,7718,5809,7718,7718,5554,7718,7718,8588,8772,7718,7120,4172,11090,7718,7718,5260,5347,7718,4116,7718,7718,7718,8556,4147,7883,7883,12340,3187,21391,7718,7718,4666,7718,13318,13850,10128,15105,6176,4884,7718,7718,17203,7718,5090,7718,3432,7718,3350,1214,7718,7782,5973,7718,7718,7718,19030,13587,7718,7718,7718,7718,7718,16361,7718,5502,20168,7718,20168,7718,7718,7718,7718,13124,8779,12430,7718,12106,18621,22308,16154,16270,20946,26947,24224,18810,7718,7718,22758,29491,13711,14647,7718,17459,7718,12191,20877,10095,3913,5920,6166359,3836,7117,3836,7468,8500,7468,7692,7468
15710,15534,17725,13280,17725,17725,13153,16560,16870,17725,16317,15050,16082,14990,16083,15229,17725,17725,15263,17725,17725,15891,17725,15548,16082,13908,16251,12844,17725,13546,17909,17725,13734,17725,17725,14799,17725,17725,14972,15156,17725,13256,8720,2498,17725,17725,8535,13980,17725,8664,17725,17725,17725,7375,8695,3108,3108,7210,8824,32013,17725,17725,15288,17725,21979,24472,1434,25736,15421,14105,17725,17725,27825,17725,9038,17725,12799,17725,11251,11856,17725,13494,10833,17725,17725,17725,28168,22752,17725,17725,17725,17725,17725,25498,17725,14160,29306,17725,29306,17725,17725,17725,17725,20119,15017,20206,17725,19907,27719,31407,24825,24718,31567,36046,33322,27908,17725,17725,31857,38109,22005,22447,17725,26088,17725,19186,30015,17484,14430,13593,6156979,14566,14309,14566,17568,16766,17568,14393,17568
510,47,8719,2197,8719,8719,3013,1386,1538,8719,1109,1460,849,3902,672,504,8719,8719,306,8719,8719,658,8719,2573,849,2554,1667,3485,8719,1970,2406,8719,2138,8719,8719,4111,8719,8719,3227,3425,8719,2598,7525,13646,8719,8719,6943,3146,8719,7581,8719,8719,8719,10174,7551,13221,13221,22247,7704,22331,8719,8719,9608,8719,17789,18063,15473,19285,3770,5270,8719,8719,21390,8719,12807,8719,11097,8719,11032,8512,8719,15486,13655,8719,8719,8719,14203,8787,8719,8719,8719,8719,8719,11534,8719,13167,15342,8719,15342,8719,8719,8719,8719,6518,4063,4958,8719,4635,12466,16895,9463,9356,21919,20915,18811,12805,8719,8719,17345,22743,6643,7175,8719,10726,8719,5585,16050,2875,9657,1884,6171475,9172,1613,9172,8785,1535,8785,2377,8785
15432,15862,13780,17184,13780,13780,16997,15145,16094,13780,15081,17279,15060,19612,15329,16150,13780,13780,15879,13780,13780,15251,13780,18191,15060,18368,15019,16976,13780,16523,14779,13780,16418,13780,13780,15914,13780,13780,18930,19272,13780,17980,21887,28019,13780,13780,21316,16365,13780,21901,13780,13780,13780,24637,21912,26712,26712,32424,21195,9250,13780,13780,18521,13780,16549,15177,28964,14127,15508,17210,13780,13780,11889,13780,26174,13780,22022,13780,24125,20490,13780,23983,24329,13780,13780,13780,3163,7150,13780,13780,13780,13780,13780,4375,13780,20040,3027,13780,3027,13780,13780,13780,13780,18869,19640,15355,13780,15348,6791,8316,8688,8795,8838,12955,9978,6507,13780,13780,8766,16698,11844,12857,13780,9967,13780,18734,799,16838,15309,16644,6182292,17077,17422,17077,11628,14412,11628,18186,11628
5695,5519,10860,3353,10860,10860,3541,6604,6855,10860,6302,4938,6067,4636,6069,5214,10860,10860,5248,10860,10860,5876,10860,5436,6067,3554,6193,3312,10860,3610,7894,10860,3798,10860,10860,5267,10860,10860,4618,4802,10860,2903,4017,9843,10860,10860,3133,4438,10860,4073,10860,10860,10860,5605,4043,10404,10404,18334,4996,26545,10860,10860,10699,10860,19587,19883,11751,21138,5889,6148,10860,10860,23236,10860,10855,10860,10074,10860,10008,7489,10860,14463,12443,10860,10860,10860,18417,13001,10860,10860,10860,10860,10860,15748,10860,12144,19555,10860,19555,10860,10860,10860,10860,9989,4664,10105,10860,9805,17779,21656,14810,14703,26133,26295,23572,18164,10860,10860,22106,28094,11990,12346,10860,16073,10860,9056,20264,7383,9366,3598,6167950,8880,3897,8880,10873,6765,10873,3762,10873
7915,7739,9882,6194,9882,9882,4932,7922,9075,9882,8522,7691,8287,8240,8288,7433,9882,9882,7468,9882,9882,8095,9882,8416,8287,7158,7614,4206,9882,5842,9800,9882,5805,9882,9882,6162,9882,9882,8222,8406,9882,6507,1276,8732,9882,9882,2366,5343,9882,1220,9882,9882,9882,5750,1251,5808,5808,10640,291,23636,9882,9882,6911,9882,15353,16095,8061,17350,6784,5451,9882,9882,19448,9882,5707,9882,5467,9882,4697,3479,9882,9173,7295,9882,9882,9882,19530,14115,9882,9882,9882,9882,9882,16861,9882,7537,20669,9882,20669,9882,9882,9882,9882,12995,8268,12425,9882,12102,19082,22769,16489,16604,23191,27409,24685,19271,9882,9882,23219,29825,13798,14643,9882,17793,9882,12062,21377,9944,6023,5857,6164278,6146,7054,6146,9042,8484,9042,7342,9042
15583,15407,16758,13430,16758,16758,12600,15591,16743,16758,16190,15166,15955,15276,15956,15102,16758,16758,15136,16758,16758,15764,16758,15664,15955,14194,15283,11875,16758,13500,17468,16758,13473,16758,16758,13830,16758,16758,15258,15442,16758,13542,8077,4010,16758,16758,8821,13011,16758,8021,16758,16758,16758,7856,8052,2346,2346,3596,7855,30153,16758,16758,14319,16758,19868,22721,1159,23625,14452,13136,16758,16758,25965,16758,7010,16758,10771,16758,9223,10887,16758,11466,8805,16758,16758,16758,27199,21783,16758,16758,16758,16758,16758,24529,16758,12132,28337,16758,28337,16758,16758,16758,16758,20235,15303,20094,16758,19770,26750,30438,24157,24273,29707,35077,32353,26939,16758,16758,30888,37493,21467,22311,16758,25462,16758,19302,29046,17600,13291,13507,6156783,13581,14455,13581,16584,16131,16584,14556,16584
13295,13119,17230,10850,17230,17230,10738,14022,14455,17230,13902,12602,13667,12559,13669,12814,17230,17230,12848,17230,17230,13476,17230,13100,13667,11478,13714,10457,17230,11131,15494,17230,11319,17230,17230,12413,17230,17230,12541,12725,17230,10826,6920,599,17230,17230,6105,11587,17230,6976,17230,17230,17230,4906,6946,4404,4404,7972,7899,31522,17230,17230,14797,17230,22865,23980,3930,25217,13035,13061,17230,17230,27334,17230,10485,17230,12557,17230,11139,11365,17230,14941,12280,17230,17230,17230,25781,20366,17230,17230,17230,17230,17212,23112,17230,15048,26920,17230,26920,17230,17230,17230,17230,17651,12587,17757,17230,17458,25379,29020,22410,22303,31076,33660,30936,25522,17230,17230,29470,35694,19590,19999,17212,23673,17212,16718,27628,15036,13908,11062,6158889,14044,11828,14044,16965,14235,16965,11693,16965
4010,3737,11665,3081,11665,11665,4647,4744,3165,11665,4414,2266,4350,2379,4071,3538,11665,11665,3620,11665,11665,4158,11665,1179,4350,2638,5003,5248,11665,3709,5071,11665,3992,11665,11665,6924,11665,11665,1038,1300,11665,2681,8273,14092,11665,11665,7389,5320,11665,8328,11665,11665,11665,10279,8298,14456,14456,24301,9049,26054,11665,11665,12528,11665,20707,20987,16000,22209,6690,8084,11665,11665,24314,11665,14468,11665,12800,11665,12735,10215,11665,17189,15358,11665,11665,11665,18044,12694,11665,11665,11665,11665,11665,15256,11665,14870,19068,11665,19068,11665,11665,11665,11665,4903,2010,5390,11665,5419,13983,18452,10981,10874,25641,22767,20366,14362,11665,11665,18902,24562,8160,7821,11665,12636,11665,3970,19777,2797,12278,3589,6172201,11792,2325,11792,11747,4722,11747,1794,11747
14495,14925,12844,16247,12844,12844,16060,14208,15157,12844,14145,16342,14123,18675,14392,15214,12844,12844,14942,12844,12844,14315,12844,17254,14123,17431,14082,16040,12844,15587,13842,12844,15481,12844,12844,14978,12844,12844,17993,18335,12844,17044,20950,27083,12844,12844,20379,15429,12844,20965,12844,12844,12844,23700,20976,25775,25775,31626,20258,9188,12844,12844,18458,12844,16486,15115,28027,14064,14571,16273,12844,12844,11826,12844,24888,12844,21959,12844,23117,19553,12844,23921,24266,12844,12844,12844,2227,6213,12844,12844,12844,12844,12844,3438,12844,19977,2090,12844,2090,12844,12844,12844,12844,18272,18703,14419,12844,14412,6220,7745,8091,8198,8775,12384,9408,5936,12844,12844,8195,16128,11355,11921,12844,9396,12844,18666,1632,16269,14370,15706,6181354,16138,16484,16138,10690,13474,10690,17247,10690
5269,5271,13079,7203,13079,13079,8103,5371,4086,13079,5056,5719,5270,7396,5129,5593,13079,13079,5396,13079,13079,5245,13079,4973,5270,7474,5630,8575,13079,7060,4411,13079,7228,13079,13079,8471,13079,13079,6055,6317,13079,7518,12560,18652,13079,13079,11949,8012,13079,12616,13079,13079,13079,15093,12586,18311,18311,28317,12794,24320,13079,13079,13969,13079,22149,22423,20442,23646,8130,9627,13079,13079,25750,13079,17897,13079,16187,13079,16121,13602,13079,20576,18745,13079,13079,13079,16311,11091,13079,13079,13079,13079,13079,13523,13079,18257,17335,13079,17335,13079,13079,13079,13079,1669,7027,2563,13079,2902,11146,15465,8519,8412,23908,17987,17386,11532,13079,13079,15912,19783,6136,5260,13079,7843,13079,1533,18043,3156,14457,6929,6176411,13971,6298,13971,13136,5351,13136,6489,13136
13872,13696,12195,12275,12195,12195,10889,13879,15032,12195,14478,13793,14244,14703,14245,13390,12195,12195,13425,12195,12195,14052,12195,14497,14244,13486,13571,10163,12195,11958,15757,12195,11761,12195,12195,11344,12195,12195,14540,14724,12195,13072,9373,15293,12195,12195,10460,11300,12195,9317,12195,12195,12195,13463,9347,11655,11655,10561,8388,18861,12195,12195,6222,12195,8421,11274,12833,12178,11725,10561,12195,12195,14673,12195,6151,12195,3292,12195,4758,5796,12195,3410,3866,12195,12195,12195,21503,18222,12195,12195,12195,12195,12196,20996,12195,1410,19220,12195,19220,12195,12195,12195,12195,19076,14731,18382,12195,18059,23256,26943,20790,20905,18415,31583,28859,23445,12195,12195,27393,34126,18346,19396,12196,22095,12196,18143,20543,16047,4855,11809,6165496,8003,13006,8003,10804,14441,10804,13581,10804
2852,2853,10662,4244,10662,10662,5408,2954,1643,10662,2638,2608,2852,4709,2711,3162,10662,10662,2964,10662,10662,2828,10662,2223,2852,4525,3213,5942,10662,4426,2824,10662,4595,10662,10662,6053,10662,10662,3368,3630,10662,4568,9581,15693,10662,10662,8989,5595,10662,9637,10662,10662,10662,12144,9607,15521,15521,24651,10004,23560,10662,10662,11551,10662,19732,20006,17463,21228,5713,7210,10662,10662,23333,10662,15228,10662,13553,10662,13488,10969,10662,17942,16111,10662,10662,10662,15522,10053,10662,10662,10662,10662,10662,12793,10662,15624,16574,10662,16574,10662,10662,10662,10662,3971,4340,3011,10662,2705,11128,15597,8126,8019,23148,19578,17511,11507,10662,10662,16047,21406,5305,5280,10662,9388,10662,3038,17283,58,12073,4317,6173660,11588,3572,11588,10752,2968,10752,3896,10752
5002,5354,5040,5212,5040,5040,3739,4454,6065,5040,5005,6436,4942,7641,5187,5199,5040,5040,5339,5040,5040,4978,5040,7401,4942,6424,4145,3013,5040,4809,6287,5040,4611,5040,5040,1430,5040,5040,7477,7661,5040,6009,6500,13962,5040,5040,7353,3811,5040,6467,5040,5040,5040,10674,6498,11195,11195,18412,5678,22248,5040,5040,5856,5040,14085,14392,13447,15615,2052,575,5040,5040,17720,5040,10200,5040,8072,5040,8425,4789,5040,12422,11048,5040,5040,5040,15512,10069,5040,5040,5040,5040,5040,12842,5040,10142,16650,5040,16650,5040,5040,5040,5040,10961,7668,9145,5040,8823,15103,18790,12636,12752,21836,23429,20706,15291,5040,5040,19240,25972,10192,11242,5040,13941,5040,10028,17359,7402,5888,4451,6169848,5402,5518,5402,5118,4605,5118,6226,5118
13586,13410,11910,11989,11910,11910,10603,13594,14746,11910,14193,13508,13958,14418,13959,13105,11910,11910,13139,11910,11910,13767,11910,14212,13958,13201,13285,9877,11910,11673,15471,11910,11476,11910,11910,11059,11910,11910,14255,14439,11910,12786,8973,13395,11910,11910,10060,11014,11910,8917,11910,11910,11910,11985,8947,9757,9757,10072,7988,20145,11910,11910,5936,11910,9802,12604,10934,13559,11440,10275,11910,11910,15957,11910,4253,11910,2672,11910,2890,5510,11910,2849,2471,11910,11910,11910,22166,17937,11910,11910,11910,11910,11910,20711,11910,2124,19883,11910,19883,11910,11910,11910,11910,18790,14446,18096,11910,17773,22971,26658,20504,20620,19699,31297,28574,23159,11910,11910,27108,33841,18060,19111,11910,21809,11910,17857,21207,15761,4691,11580,6164627,7745,12777,7745,11303,14211,11303,13352,11303
21922,22274,19009,22419,19009,19009,21858,21374,23033,19009,22020,23495,21999,24847,22267,22257,19009,19009,22259,19009,19009,21898,19009,24351,21999,23603,21065,21133,19009,21758,21718,19009,21662,19009,19009,19177,19009,19009,24528,24712,19009,23216,21765,28866,19009,19009,22852,20990,19009,21709,19009,19009,19009,26148,21739,25648,25648,23589,20780,2900,19009,19009,13468,19009,7182,4986,27802,3935,18555,19024,19009,19009,2091,19009,21121,19009,16969,19009,19072,16908,19009,16227,18948,19009,19009,19009,9993,14089,19009,19009,19009,19009,19009,11313,19009,14987,7721,19009,7721,19009,19009,19009,19009,26436,24875,22294,19009,22287,15699,17231,16927,17034,2454,21870,18893,15415,19009,19009,17681,25613,19230,19796,19009,18239,19009,26542,9045,24144,12842,18801,6178435,15086,19868,15086,13125,19174,13125,20576,13125
6712,6536,7499,5115,7499,7499,3729,6720,7872,7499,7319,6613,7084,7544,7085,6231,7499,7499,6265,7499,7499,6893,7499,7338,7084,6327,6411,3004,7499,4799,8597,7499,4602,7499,7499,4346,7499,7499,7381,7565,7499,5912,3626,10957,7499,7499,4681,4140,7499,3570,7499,7499,7499,8084,3600,7734,7734,17604,2675,22209,7499,7499,5484,7499,14372,14668,9986,15923,4968,3677,7499,7499,18021,7499,6304,7499,4643,7499,4578,2058,7499,9032,7201,7499,7499,7499,18328,12912,7499,7499,7499,7499,7499,15658,7499,6713,19466,7499,19466,7499,7499,7499,7499,11916,7572,11222,7499,10899,17879,21567,15286,15402,21763,26206,23482,18068,7499,7499,22017,28622,12596,13440,7499,16591,7499,10983,20175,8887,4907,4710,6166212,4422,5907,4422,7118,7283,7118,6482,7118
16309,16739,14657,18060,14657,14657,17874,16021,16971,14657,15958,18155,15937,20489,16205,17027,14657,14657,16756,14657,14657,16128,14657,19067,15937,19245,15896,17853,14657,17400,15656,14657,17295,14657,14657,16791,14657,14657,19807,20148,14657,18857,22764,28896,14657,14657,22193,17242,14657,22778,14657,14657,14657,25514,22789,27589,27589,31294,22071,7387,14657,14657,16658,14657,14685,13314,29841,12263,16385,18087,14657,14657,10026,14657,24311,14657,20158,14657,22262,19978,14657,22120,22466,14657,14657,14657,3982,8027,14657,14657,14657,14657,14657,5251,14657,18177,1491,14657,1491,14657,14657,14657,14657,20374,20517,16232,14657,16225,8925,10450,10865,10971,6975,15089,11972,8641,14657,14657,10899,18832,13168,13734,14657,12101,14657,20480,1503,18082,16102,17523,6183173,17870,18301,17870,12457,15290,12457,19064,12457
9841,10193,6940,10334,6940,6940,9773,9293,10904,6940,9845,11414,9781,12762,10026,10177,6940,6940,10178,6940,6940,9817,6940,12266,9781,11518,8985,9048,6940,9673,11015,6940,9577,6940,6940,7092,6940,6940,12443,12627,6940,11131,9549,16651,6940,6940,10637,8905,6940,9493,6940,6940,6940,13932,9523,13432,13432,17042,8564,15486,6940,6940,1252,6940,7649,7945,15688,9200,6470,6931,6940,6940,11298,6940,9088,6940,4753,6940,6856,4692,6940,8284,7837,6940,6940,6940,17507,12967,6940,6940,6940,6940,6940,15740,6940,4340,15224,6940,15224,6940,6940,6940,6940,15801,12790,13874,6940,13552,18001,21688,15535,15650,15040,26328,23604,18190,6940,6940,22138,28870,13091,14140,6940,16839,6940,14867,16548,12241,2497,9820,6169466,4768,10887,4768,6025,9916,6025,11595,6025
16057,16410,13145,16554,13145,13145,15994,15509,17120,13145,16061,17630,15997,18983,16243,16393,13145,13145,16394,13145,13145,16033,13145,18487,15997,17739,15201,15268,13145,15894,17216,13145,15798,13145,13145,13313,13145,13145,18664,18848,13145,17351,15876,22978,13145,13145,16964,15126,13145,15820,13145,13145,13145,20260,15850,19759,19759,19489,14891,9674,13145,13145,7579,13145,1295,2104,21771,3319,12691,13169,13145,13145,5486,13145,15232,13145,11080,13145,13183,11019,13145,9984,12703,13145,13145,13145,15257,19336,13145,13145,13145,13145,13144,16561,13145,8876,12973,13145,12973,13145,13145,13145,13145,22017,19011,20074,13145,19752,20951,22483,21739,21855,9228,27122,24146,20667,13145,13145,22933,30865,19295,20345,13144,23043,13144,21084,14297,18457,8826,16050,6172504,11097,17117,11097,11339,16126,11339,17857,11339
