23352,21482,24943,1864,23788,16785,24221,22486,17612,20093,26951,17819,16350,14425,19371,6645,19478,22229,19963,20712,19651,15318,17636,10034,21915,22989,11012,12319,19660,19639,13141,4976,22887,3294,23687,25314,25077,10721,19709,19207,11556,10531,24654,15902,18010,14456,2074,19578,15924,17762,15645,27689,19931,19047,11440,17403,923,22505,15329,12050,26109,21643,21543,11138,1545,13785,17484,20951,18303,18631,11576,21906,15254,23128,1548,19339,21417,12751,22785,19811,10457,23102,18683,21508,17593,11076,20193,14052,6087,25418,15207,16888,15891,11973,16648,16678,19733,16245,21496,19544,19088,16425,22306,20680,20483,24410,2336,16625,24942,22610,15424,1627,20624,2597,18624,19933,18498,18711,16571,20197,16792,20273,16397,19179,20360,21603,22449,16971,16006,17356,16144,12251,19486,17752,10317,19284,26562
3669,1800,6331,19750,8898,5329,11856,6923,18572,2047,8168,5041,5269,6432,2738,14721,24467,13965,2944,6040,3866,17389,3353,21002,5957,9323,19978,8324,7916,4984,9633,16046,11746,17775,9604,6128,8899,10295,1495,6513,18276,16782,5439,10469,9139,6167,18914,18747,5198,11881,8199,9943,22764,3647,17694,9761,20997,6724,16080,8894,9085,5821,8641,17377,19094,17812,18094,11899,12557,15321,9025,1497,10845,4780,20160,2396,15408,8177,12617,4175,21017,3419,23583,7591,6458,18178,15874,6762,16024,6193,6982,6749,5694,8749,4632,18888,15045,5432,7969,5778,6993,7804,11537,4599,7677,9967,18908,4689,10527,10363,13981,20599,3305,20374,3056,12574,15187,6939,4583,26795,5223,4212,4225,21757,7391,5657,9476,19549,5421,7870,13638,20812,22316,18742,21128,12472,10164
11238,9369,12856,11534,13628,6654,14289,12326,17466,8005,14919,6077,4332,2407,8114,6480,23362,13916,8706,10468,9269,16007,5540,16835,11711,12858,17726,294,9545,9513,4789,7805,13968,9534,14150,13228,13949,2054,7621,9444,15946,14345,12568,6768,8078,2826,10698,17796,3811,10477,4222,16590,21669,7766,15364,7288,12787,12373,14773,3601,15075,11511,11388,15062,10884,16416,16999,12967,11602,14592,973,9810,6740,11033,11950,7840,15552,3414,14849,9585,17191,11007,22488,11736,7455,15753,15445,2561,7795,13323,3202,4882,3830,521,5514,17503,14615,6100,11341,9322,8933,4633,13774,10411,10328,14255,10680,4780,15599,12653,12676,12389,8529,12164,6913,12161,14232,8556,4460,25700,6648,9914,4286,20662,10205,11399,12294,18453,5831,5523,12478,18361,21221,17647,17080,11754,16604
11227,10019,11277,17193,8505,12157,19723,15379,24308,9152,11669,10787,5274,6172,11117,12137,30204,20758,11709,13972,12321,22838,8285,22449,14773,17787,23357,7713,15204,12684,4845,12820,8033,14787,8593,12297,9795,8115,10227,14044,22788,21187,11345,1565,14920,9231,16357,24638,6163,17319,3417,12865,28500,10947,22196,450,18042,15434,21605,11017,10910,14572,16467,21894,16529,23247,23830,6016,18434,21424,7983,11106,2561,10121,17595,10833,22383,10831,7850,12647,22805,11025,29320,15759,13334,22585,22277,9625,12171,11633,4751,3869,5782,7338,10264,24334,21447,11607,16137,13494,14473,3178,7371,13472,15393,18438,15557,9445,10042,18145,19507,18034,7676,17809,9911,18992,21064,13946,5957,32441,12073,12976,6325,27493,15242,14461,17373,25285,11053,2332,19310,24576,28052,24479,22693,18585,11721
20202,18332,22707,9079,24030,12049,14747,16171,7721,18053,24701,13135,16155,16197,14687,12623,12388,12602,15278,14536,14391,5740,15024,4703,16669,16003,3696,14372,11884,14219,17893,13732,26410,14021,24573,22660,24354,15429,15594,12955,1311,516,21972,21021,9263,13553,9435,9575,15830,8262,18647,26533,11142,14211,742,20998,11171,16719,5411,12530,24802,16199,14062,440,9479,4724,7567,25662,8465,8723,14472,17679,20348,20564,9523,14614,11800,11864,27282,14564,4731,19938,11899,14836,11277,1918,10576,12800,13898,22712,17571,17659,16332,15143,12960,7597,10116,11519,14859,13390,12447,18932,26201,15433,13646,16904,12998,13818,25967,13143,5730,9962,19010,8856,13899,10095,8881,12206,15517,13279,12048,15027,15108,10135,13688,16356,14359,7927,12586,19101,6528,4522,10694,7835,4829,9447,26544
5829,3960,7480,17142,8241,6490,14055,9681,18619,3061,9543,5115,1986,3564,5420,12113,24514,15068,6012,8275,6624,17164,2609,19735,9069,12089,18674,5716,9537,7016,6375,13438,10611,15167,8785,7850,8566,7687,4530,8482,17099,15497,7192,7567,9230,3559,16306,18949,1933,11629,4919,11208,22827,5271,16522,6803,18401,9730,15931,6297,9663,8868,10791,16220,16498,17574,18157,10768,12760,15750,6429,4988,7575,5637,17564,5158,16710,5581,11487,6943,19749,5594,23646,10055,7658,16911,16603,4166,13427,7942,3732,3464,2424,6153,4558,18660,15773,5931,10433,7818,8907,4774,10407,7768,9717,12734,16312,3766,10187,12469,13834,18003,3134,17778,4235,13318,15390,8270,1282,26858,6397,7272,1516,21820,9566,8757,11697,19611,5229,4907,13636,19519,22379,18805,19861,12911,11222
4560,4339,969,24130,4236,10526,17352,12102,23769,5835,2653,10238,8592,10348,7935,19122,29664,19162,8000,11237,9063,22591,8636,26204,10887,14520,25175,12724,13113,10182,12903,20447,7593,22176,4946,1720,4237,14696,6692,11710,23473,21979,76,12427,14336,10825,23294,23944,8995,17078,10289,4429,27966,8849,22896,10939,25377,11677,21282,13541,4297,10774,13843,22579,23475,23015,23296,8026,17759,20523,13440,5719,13028,1895,24541,7598,20610,12824,8375,9377,26219,4385,28786,12793,11660,23380,21076,11409,20439,679,10128,8561,9038,13165,9759,24090,20247,10634,13171,10980,12195,9483,7295,9530,12879,15105,23324,9986,5862,15565,19183,24980,4260,24754,8258,17776,20389,12141,8508,31997,10425,9143,8759,26959,12593,10611,14678,24751,10548,9548,18840,26014,27518,23945,26330,17674,4650
10140,8270,11790,13205,12562,4883,12373,10469,15565,6650,13854,4560,4500,3628,6701,8836,21461,12015,7293,8810,7634,14109,3867,16679,9937,11087,15621,2422,7686,7621,6760,10161,14914,11890,13084,12161,12883,4410,6062,7305,14046,12444,11502,8565,6177,975,12369,15896,3770,8576,6018,15527,19771,6355,13467,9069,14486,10526,12875,2484,14012,9664,9554,13165,12583,14518,15101,14042,9705,12695,2947,8551,8520,9975,13649,6733,13654,1767,15820,7832,16694,9932,20591,9519,5621,13855,13547,224,10149,12260,4946,6027,4242,2875,3160,15605,12717,4267,9507,7556,7099,6405,14739,8701,8494,12421,13034,3052,14536,10755,10778,14088,7471,13863,5811,10263,12335,6723,4055,23803,4814,8295,3646,18764,8371,9624,10460,16556,3477,7304,10580,16463,19323,15750,16805,9856,15541
10140,8270,11790,13205,12562,4883,12373,10469,15565,6650,13854,4560,4500,3628,6701,8836,21461,12015,7293,8810,7634,14109,3867,16679,9937,11087,15621,2422,7686,7621,6760,10161,14914,11890,13084,12161,12883,4410,6062,7305,14046,12444,11502,8565,6177,975,12369,15896,3770,8576,6018,15527,19771,6355,13467,9069,14486,10526,12875,2484,14012,9664,9554,13165,12583,14518,15101,14042,9705,12695,2947,8551,8520,9975,13649,6733,13654,1767,15820,7832,16694,9932,20591,9519,5621,13855,13547,224,10149,12260,4946,6027,4242,2875,3160,15605,12717,4267,9507,7556,7099,6405,14739,8701,8494,12421,13034,3052,14536,10755,10778,14088,7471,13863,5811,10263,12335,6723,4055,23803,4814,8295,3646,18764,8371,9624,10460,16556,3477,7304,10580,16463,19323,15750,16805,9856,15541
5611,3751,8132,17905,10068,3954,11199,6575,17197,3272,10125,3463,4149,5312,2118,12876,23092,13131,2710,5307,3517,16016,1605,19541,5939,8975,18503,6478,7001,4160,8513,14201,12818,15930,10774,8085,10068,8450,815,5688,16800,15307,7397,9770,7764,4282,17069,17483,4078,10506,7079,11966,21390,2567,16233,8958,19162,6616,14706,7017,10234,5790,7940,15916,17260,16439,16720,13027,11295,14285,7190,3319,9704,5997,18326,1764,14662,6300,13689,3829,19556,5347,22210,7245,5110,16717,15125,4886,14189,8145,5841,5619,4553,6915,2754,17515,14295,4058,7623,4967,6182,6929,12609,4639,6866,9621,17073,2955,11677,9618,12607,18765,4442,18539,1688,11840,13925,5723,3442,25422,3849,4158,3077,20383,6715,5627,8846,18175,3543,7062,12264,19351,20942,17369,19667,11446,11976
25464,23600,28338,17864,30590,16996,14895,18543,4787,23206,30175,19081,22672,22714,20020,21975,1870,12301,20194,17906,19131,5845,21019,10222,19361,16445,9042,20889,15411,18441,25677,23084,32927,22897,31090,28129,30590,22586,20940,17155,10338,10567,27446,27711,13195,20070,18738,6151,22347,11936,25164,32486,396,18979,11229,27515,19763,19298,6793,19047,30754,19037,15359,11222,18773,6942,4964,32179,10653,8021,20989,23183,27667,26517,18432,19986,11054,18381,33799,19315,9345,25211,1505,16535,16029,8921,9505,19317,23271,28297,24088,24176,22849,21660,18913,3765,9941,17472,16157,17413,16337,25449,32719,19562,16001,17360,21928,19770,32197,14503,8574,18831,24962,17249,19271,11105,8525,16437,22034,4288,17416,19778,21625,2212,16593,19071,15653,3118,18538,25618,9711,7943,323,4860,9760,11322,32496
11876,10012,14750,16547,17041,3408,6632,7019,9886,9618,16587,5532,9589,9630,6432,13806,15781,6259,6606,5384,5543,8713,7470,12912,7543,6703,11783,7784,2584,5067,12572,15131,19164,16621,17747,14542,17041,9479,7352,3803,10593,9099,13858,14606,436,6997,16590,10155,9264,3265,12059,18936,14087,5387,10025,14435,18698,7613,7403,5990,17205,7092,5163,9708,16795,9136,9417,19164,3962,6952,7892,9591,14571,12967,16988,6394,7899,5312,20030,5723,12880,11619,14907,5758,2437,10042,7792,6248,15126,14705,11009,11097,9769,8563,5363,10212,6962,3922,5360,4284,3340,12369,18950,6433,4363,8287,17741,6221,18647,5000,5304,17427,11413,16321,5679,4508,6593,3308,9019,18119,3824,6186,8546,13080,4610,7231,5459,10872,4989,12539,4961,12171,13639,10066,13038,4114,18947
9449,7579,11570,14209,12331,3070,11036,8745,15011,5869,13633,2848,4463,4505,4989,10405,20906,11460,5581,6998,5910,13554,3081,16124,8193,9275,15067,4372,6028,5898,8491,11730,14701,13405,12875,11907,12656,6069,5280,5492,13491,11889,11219,9758,5622,2861,13374,15341,4138,8021,7110,15302,19216,4642,12912,9316,15489,8782,12320,2781,13756,7920,7810,12610,13586,13963,14546,14045,9150,12140,4482,7502,9767,9858,14652,4935,13099,2086,15600,6088,16139,9232,20036,7775,3935,13300,12992,2420,11724,12006,5889,5977,4650,5220,1711,15050,12163,2107,7748,5812,5355,7250,14520,6957,6750,10677,14532,1630,14280,9175,10223,15091,7227,14866,4220,9708,11780,4979,3900,23248,2805,6551,3426,18209,6627,7881,8717,16001,1157,7420,10025,15908,18768,15195,16250,9301,15316
7488,5808,10557,19093,13398,3068,7481,2899,14339,6327,12393,4168,7323,8486,2214,15317,20803,9413,2187,1589,677,14257,4836,18456,2279,5238,17328,9283,3373,441,11687,16642,16281,18288,14105,10153,13399,10980,3691,1970,15709,14215,9664,12944,5836,7427,18257,14204,7252,8767,10253,14170,18770,1897,15158,12160,20378,2940,12947,7670,13592,2078,4206,14841,18475,14680,13750,16433,8011,10776,9392,5216,12901,9260,19541,2618,10928,6975,17158,564,18424,7244,19817,3503,3189,15586,11329,7781,16633,10380,9039,8821,7751,10055,5056,14719,10499,4180,3881,1233,2448,10131,16078,1042,3132,5881,19422,5776,15034,5884,10848,19980,7816,19755,2854,8029,10641,2394,6640,23663,3399,1349,6279,17365,2981,1967,5112,15904,5282,10263,10505,17715,18356,14181,18582,7927,14391
10415,9014,11061,15996,8886,11084,18650,14305,23201,8147,12050,9686,4201,4582,10044,10942,29096,19651,10636,12899,11248,21751,7233,21312,13721,16713,22170,6124,14131,11610,3694,12267,8576,13996,8974,11485,10176,6757,9154,12971,21681,20080,10797,1343,13812,8124,15161,23531,4741,16212,1827,13167,27413,9895,21109,1578,17255,14382,20518,9438,11251,13520,15414,20807,15352,22160,22743,7572,17347,20337,6321,10024,2106,9282,16418,9780,21296,9251,9453,11594,21651,10186,28233,14706,12281,21498,21189,8045,11464,11540,3171,2780,4413,5677,9211,23247,20360,10555,15085,12442,13421,1763,8379,12420,14340,17386,14850,8393,10344,17093,18420,16857,6790,16632,8859,17905,19977,12894,4904,31287,11020,11923,5273,26406,14189,13408,16320,24198,10001,1280,18222,23423,26965,23392,21540,17498,12024
6599,4886,9636,18887,12478,2862,8337,3268,15226,5407,11473,3728,6883,8046,1294,15112,21121,10338,1329,2413,243,14051,4393,18251,2653,5676,17122,9177,4294,1362,11247,16436,15360,18083,13184,9265,12479,10775,2770,2890,15503,14009,8744,12504,5793,6987,18052,15124,6812,8561,9814,13250,19426,1455,14952,11717,20172,3314,12741,7465,12673,2452,5021,14635,18270,14474,14756,15514,8937,11701,9186,4343,12459,8341,19336,1698,11788,6769,16239,527,18219,6371,20245,3971,2984,15380,12255,7587,16427,9457,8596,8378,7308,9612,4614,15550,11425,3975,4349,2158,3373,9688,15159,1352,4057,6319,19216,5334,14115,6744,10642,19774,6897,19549,2412,8954,11567,3319,6197,23457,3193,856,5836,18419,3771,2341,5857,16210,4782,9821,10299,17509,18978,15106,18376,8852,13444
20607,18743,23481,13618,25733,12139,12273,15804,2426,18349,25318,14225,17815,17858,15164,17511,7896,9680,15337,14158,14274,73,16177,6859,16328,13823,5265,16032,11358,13841,20820,18620,28070,18909,26233,23273,25734,17730,16083,12577,5859,5323,22589,22854,8338,15213,14446,4279,17490,7079,20307,27644,6188,14138,6556,22673,15556,16536,1790,14205,25913,15877,12625,6239,14521,1641,2264,27338,7140,5288,16147,18341,22825,21675,14225,15144,8490,13539,28957,14474,6092,20369,7245,13801,11187,4418,6941,14475,18817,23455,19247,19334,18007,16818,14071,2271,7208,12630,13423,13069,12125,20607,27877,15343,13231,14964,17721,14929,27355,11645,3548,14625,20120,13042,14429,8371,5770,12106,17192,10445,12574,14936,16783,5181,13395,16016,12922,3035,13697,20776,4869,4610,5763,2532,6507,8121,27654
20850,18985,23724,12132,25975,12382,12681,16035,3719,18592,25561,14467,18058,18100,15406,16313,8816,10088,15580,14401,14517,1469,16413,5383,16563,14231,3805,16275,11601,14084,21583,17422,28312,17165,26476,23515,25976,17972,16326,12820,4373,4580,22832,23097,8580,15456,13006,5573,17733,7322,20550,27879,7136,14373,5224,22908,14048,17002,2196,14440,26148,16113,12972,5218,13058,98,3568,27573,7375,5753,16382,18576,23060,21910,12717,15379,9091,13774,29192,14709,4616,20604,7892,14148,11422,2910,7431,14710,17569,23691,19482,19569,18242,17053,14306,3568,7641,12865,13769,13304,12360,20842,28112,15578,13383,15273,16213,15164,27590,12052,3783,13117,20356,11534,14664,8798,6207,12341,17428,11111,12809,15171,17018,6129,13630,16251,13268,3921,13932,21012,5104,3133,6688,3836,5031,8357,27890
20739,18870,23244,9488,24499,12586,14038,17083,6987,18591,25238,13672,16624,16667,15224,13426,11116,11894,15816,15033,14928,5014,15507,3503,17217,15588,2446,14841,12233,14716,18695,14535,26879,14823,25043,23198,24823,16232,16132,13452,1371,982,22509,21824,9212,14022,10238,8841,16299,7915,19117,27081,9855,14759,2190,21480,11465,17449,4685,13013,25350,16764,13419,1863,10300,3438,6840,26145,7822,7996,14955,18227,21169,21113,10064,15162,11096,12347,27765,15112,3517,20486,10613,14595,11825,679,9872,13282,14719,23260,18054,18142,16815,15626,13509,6347,9412,12067,14217,13955,13011,19415,26684,15981,14048,16262,13560,14366,26450,12500,5026,10534,19558,8951,14447,9452,8177,12754,16000,11985,12596,15575,15591,8848,14281,16904,13716,6640,13134,19584,5824,3287,9407,7108,3629,8804,27092
15176,13617,18287,19195,21077,7444,4939,7480,7024,13655,20124,9569,13256,13297,9769,17473,13488,2433,9917,6843,8408,8664,11495,12797,8285,5887,12615,11451,4357,7398,16239,18798,23494,20287,21668,17841,21078,13146,11389,6050,11801,10710,17395,18273,3844,10663,19619,6827,12931,4327,15726,21892,11740,8999,10954,18086,20528,8028,6946,9802,21230,7961,4283,10653,18836,9152,6748,22815,1920,3426,11744,12903,18222,16992,18880,10340,3932,8963,24371,8230,12765,14931,12804,5459,6462,9926,3992,9899,18777,18101,14660,14748,13420,12415,9388,7711,3163,7947,5081,6632,5483,16020,23290,8708,4925,7366,21553,10246,22672,3303,5385,19319,15438,18245,9704,537,3512,5583,12670,15982,7849,9015,12197,9935,5517,7995,4580,8890,9014,16190,4699,12530,11337,7151,12923,765,22114
15176,13617,18287,19195,21077,7444,4939,7480,7024,13655,20124,9569,13256,13297,9769,17473,13488,2433,9917,6843,8408,8664,11495,12797,8285,5887,12615,11451,4357,7398,16239,18798,23494,20287,21668,17841,21078,13146,11389,6050,11801,10710,17395,18273,3844,10663,19619,6827,12931,4327,15726,21892,11740,8999,10954,18086,20528,8028,6946,9802,21230,7961,4283,10653,18836,9152,6748,22815,1920,3426,11744,12903,18222,16992,18880,10340,3932,8963,24371,8230,12765,14931,12804,5459,6462,9926,3992,9899,18777,18101,14660,14748,13420,12415,9388,7711,3163,7947,5081,6632,5483,16020,23290,8708,4925,7366,21553,10246,22672,3303,5385,19319,15438,18245,9704,537,3512,5583,12670,15982,7849,9015,12197,9935,5517,7995,4580,8890,9014,16190,4699,12530,11337,7151,12923,765,22114
10237,8368,12622,14080,13383,2619,10519,8294,14152,6920,14685,3258,5515,5556,5217,10326,20048,10602,5809,6546,5459,12699,4132,15269,7738,8823,14208,4292,5510,5446,9079,11651,15753,13275,13926,12696,13707,5989,6125,5041,12632,11031,12007,10809,4764,3561,13244,14482,5190,7163,8161,16578,18361,4870,12057,10367,15359,8328,11466,2652,14846,7466,7356,11755,13456,13108,13691,15096,8295,11285,4403,8252,10819,10609,14522,5163,12244,1956,16652,5634,15284,9982,19181,7321,3423,12446,12137,2792,11644,12757,6941,7029,5701,5074,2373,14195,11308,2068,7309,5357,4901,8301,15571,6503,6296,10223,14403,2681,15331,8663,9368,14961,8278,14736,4448,8853,10925,4524,4951,22393,2616,6097,4478,17354,6173,7426,8262,15146,1576,8471,9170,15053,17913,14340,15395,8446,16588
8792,7232,11980,20851,14822,4825,5978,1023,13825,7751,13817,5971,9159,10322,3638,17075,20601,8160,3580,1163,2101,15151,6678,19487,1509,3317,18185,11041,3955,2105,13523,18400,17704,20046,15528,11457,14823,12738,5114,2696,16847,15353,11088,14780,6838,9230,20015,13848,9088,9667,12089,15595,18552,3739,16284,14001,22143,1272,13647,9436,15018,1161,3094,15967,20241,15574,13523,17859,8519,10238,11157,6502,14743,10686,21307,4043,9674,8740,18584,1947,19454,8530,19590,1918,4955,16616,10563,9546,18399,11816,10880,10663,9593,11870,6872,14493,9865,5946,2296,2437,3161,11973,17504,2259,2680,3960,21187,7496,16460,4898,11742,21746,9242,21520,4670,7493,10303,3481,8481,22793,5164,2590,8121,16936,1926,1194,3670,15678,7048,12105,11491,18608,18129,13963,19612,7556,15817
22390,20526,25264,15057,27516,13922,11821,15470,1713,20132,27101,16007,19598,19640,16946,19213,5258,9227,17120,14833,16057,2730,17905,8233,16246,13371,6696,17815,12337,15367,22603,20322,29853,20090,28016,25056,27517,19512,17866,14081,7291,7521,24372,24637,10121,16996,15931,3534,19273,8862,22090,29371,3480,15865,8115,24400,16938,16183,3678,15932,27640,15923,12245,8108,15948,3827,1850,29065,7538,4907,17875,20068,24553,23403,15608,16872,7940,15266,30684,16201,7465,22097,4544,13421,12914,5807,6391,16202,20466,25183,20974,21062,19735,18546,15799,650,6827,14357,13043,14299,13222,22335,29604,16448,12887,14246,19104,16656,29082,11389,5460,16007,21848,14424,16157,7991,5410,13323,18920,7722,14302,16664,18510,2400,13479,15957,12539,630,15424,22504,6597,5970,3081,1746,7880,8208,29382
23625,21756,26130,9427,27480,15472,16597,19641,7419,21476,28124,16558,19605,19648,18110,13652,8988,13866,18712,17582,17698,5163,18473,1897,19756,18147,428,18065,14782,17265,18922,14761,29404,14460,28024,26084,27804,16458,19018,16001,3647,3889,25395,22050,11762,17003,10301,9452,19280,10464,21389,29951,9603,17534,4499,23290,11340,19998,5957,15979,28220,19305,15968,4492,10350,3663,7262,28415,10371,9514,17325,21097,21397,23982,10009,18032,12852,15313,30297,17902,1388,23356,8356,17144,14615,2191,11192,16249,14947,26130,20971,21109,19782,17737,16378,6509,11402,14937,16766,16497,15553,22189,29223,18771,16596,18810,13505,17236,29416,15049,7535,10409,22428,8826,17317,12001,9968,15534,18967,9870,15466,18364,18558,9010,16898,19444,16265,6802,16004,22551,8354,1233,9159,7530,1672,11353,29962
7347,5788,10807,19766,13589,3741,7728,2373,14830,6518,12633,4814,7969,9132,2448,15990,21293,9666,2139,1730,941,14648,5482,18848,1812,4995,17672,10263,3863,1021,12334,17315,16472,18961,14296,10012,13590,11653,3882,2308,16382,14888,9905,13590,6326,8073,18930,14694,7898,9154,10900,14361,19262,2544,15833,12806,21053,2419,13339,8346,13930,1556,4337,15516,19150,15071,14242,16664,8503,11284,10067,5056,13548,9506,20216,2802,11104,7650,17389,636,18816,7084,20309,3286,3864,15977,11785,8456,17308,10594,9685,9467,8397,10701,5703,15211,11003,4855,3665,1670,2817,10777,16309,784,3492,5467,20097,6423,15373,6059,11240,20655,8047,20430,3500,8539,11133,2885,7286,24054,4074,1144,6925,17762,3087,1500,5172,16396,5871,10910,10897,18106,18847,14673,18974,8418,14581
8175,6615,11382,20253,14224,4228,6615,1670,13983,7153,13219,5373,8561,9724,3040,16477,20447,8596,2963,975,1503,14981,6081,19181,1486,3954,18001,10443,4064,1508,12925,17802,17107,19448,14931,10840,14225,12140,4517,2468,16663,15169,10490,14182,6655,8632,19417,13787,8490,9483,11491,14998,18713,3142,16115,13404,21546,1832,13671,8839,14421,1015,3337,15798,19644,15404,13684,17262,8640,10399,10560,5901,14146,10089,20710,3446,10104,8143,17987,1333,19149,7929,19751,2287,4358,16310,10786,8949,17802,11202,10283,10066,8996,11273,6275,14654,10087,5349,2665,1976,2936,11376,16907,1645,2841,4598,20590,6995,15863,5059,11572,21149,8645,20924,4073,7654,10464,3218,7884,22954,4567,1990,7524,16908,2087,1196,4178,15839,6451,11508,11229,18439,18290,14124,19306,7718,15220
18212,16653,21323,16928,23880,10247,6954,10516,3594,16457,23160,12371,16033,16076,12805,20350,10020,4361,12953,9879,11444,5199,14315,11124,11334,8504,9492,14251,7394,10434,19038,21459,26288,21748,24452,20877,23881,15948,14191,9092,9228,8163,20431,21073,6437,13431,17285,3454,15708,5810,18526,24942,8297,12049,9399,20887,19086,11244,3491,12419,24050,11011,7333,9081,17355,5785,3277,25551,2983,5,14361,15953,21039,19813,17482,13239,3355,11753,27171,11280,10303,17981,9344,8509,9282,8253,1695,12689,21651,21151,17460,17548,16221,15032,12209,4246,1915,10768,8131,9686,8533,18821,26091,11758,7975,9629,21120,13066,25493,6353,4098,17921,18258,16572,12524,3079,729,8633,15406,12534,10669,12065,14997,6537,8567,11045,7630,5431,11834,18990,2730,8820,7883,3708,10718,3318,25792
14086,12526,17197,19502,20429,6648,3764,6267,7843,12858,19033,8779,12589,12632,8679,16771,14289,3417,8827,5626,7318,9460,10854,13555,7087,4674,13422,10806,3601,6308,15594,18096,22844,19600,21008,16751,20430,12504,10331,4823,12609,11518,16305,17628,3151,9987,19569,7660,12264,4984,15082,20826,12558,8206,11712,17435,21286,6837,7662,8967,20589,6763,3092,11411,19772,9975,7538,22100,2582,4261,10910,11837,17588,15917,19638,9274,4912,8301,23720,7164,13523,13865,13605,4268,5821,10685,4815,9237,18088,17035,14009,14097,12770,11581,8748,8507,3985,7306,3890,5425,4605,15370,22639,7600,3721,6208,20719,9605,22031,2138,6143,20077,14473,19003,8989,1534,4318,4855,11955,16796,7208,7949,11545,10743,4280,6797,3389,9692,8373,15539,5505,13288,12144,7969,13681,1571,21048
11972,10570,10861,16251,8089,12675,20241,15896,24798,9703,11253,11276,5792,6351,11635,11298,30841,21247,12226,14490,12839,23327,8774,21568,15262,18304,22461,7758,15722,13201,4392,11849,7413,13816,7989,12865,9379,7662,10745,14562,22893,21425,11652,933,15409,9721,15496,25128,6510,17808,3596,12004,28989,11436,22319,1272,17079,15923,22093,11065,10424,15061,16955,22017,15698,23736,24319,6409,18923,21913,7881,11566,1487,10823,16674,11322,22872,10878,8290,13135,21924,11727,30046,16248,13822,22365,22765,9669,11243,11167,4946,4357,6189,7229,10752,24823,21935,12096,16626,13983,14962,3530,7216,13961,15881,18927,14595,9934,9181,18634,19996,17113,8331,16888,10400,19481,21553,14435,6445,31560,12561,13465,6814,27982,15730,14949,17861,25774,11542,2821,19798,23696,28541,24968,21812,19074,10861
12275,10970,12021,17649,9249,13211,20777,16430,25356,10103,12413,11834,6328,7608,12169,12593,31251,21805,12760,15024,13373,23899,9328,22964,15811,18838,23822,9150,16258,13737,6531,12468,8552,14435,9149,13344,10539,9882,11279,15098,23836,22234,12392,3013,15967,10279,16813,25686,7216,18366,4853,13158,29561,11990,23257,2134,17703,16473,22666,12469,11578,15610,17509,22955,17004,24308,24891,6925,19495,22485,9450,12108,3648,11123,18070,11901,23444,12295,8760,13685,23304,12027,30381,16797,14376,23744,23338,10880,11866,12320,6203,4911,6825,8806,11307,25395,22508,12650,17175,14537,15516,4629,8281,14510,16436,19477,15219,10506,10337,19188,20568,18509,8678,18284,10954,20053,22125,14989,7010,32939,13115,14014,7368,28554,16284,15499,18415,26346,12096,3784,20370,25075,29113,25540,23192,19646,11958
13038,11441,10957,16569,8185,13507,21073,16728,25630,10574,11349,12109,6624,7498,12467,11443,31122,22080,13058,15322,13671,24176,9622,21885,16111,19136,22743,8861,16554,14033,5505,11324,7488,13292,8085,12960,9475,8960,11577,15394,23178,21710,11748,2041,16241,10553,15733,25960,7513,18640,4743,12094,29838,12285,22619,2086,16550,16772,22942,12170,10514,15910,17804,22317,15925,24585,25168,6502,19771,22761,8986,12414,2590,11611,16991,12170,23721,11983,8336,13984,22224,12795,30346,17096,14671,22664,23614,10774,10713,11257,6088,5206,7120,8334,11601,25672,22784,12944,17475,14832,15811,4515,7291,14810,16730,19776,14065,10783,9274,19482,20845,17430,9447,17204,11249,20330,22402,15284,7294,31860,13410,14313,7663,28831,16579,15798,18710,26623,12391,3670,20647,23995,29390,25816,22112,19923,10894
2314,1021,6186,20922,9128,5895,12272,7021,19270,2785,8011,5607,5975,7731,3304,15894,25165,14342,2976,6405,4408,18084,4630,21575,5811,9670,20544,9496,8379,5447,10537,17219,12169,18948,9834,4980,9129,11468,2375,6975,18842,17348,5284,11134,9837,7300,20087,19209,6353,12448,9082,9760,23459,4220,18266,10282,22147,6601,16775,10002,9323,5698,8993,17949,20244,18507,18789,12322,13054,15818,10175,361,11741,4905,21310,2975,16446,9285,13040,4535,21589,2055,24278,7943,7017,18751,16442,7870,17174,5992,7898,7420,6434,9899,5711,19583,15542,6004,8321,6275,7490,8324,11960,4453,8174,10029,20058,5980,10765,10716,14675,21749,3706,21524,3777,13071,15684,7436,5884,27490,5795,4066,5613,22452,7743,5534,9829,20243,6500,8389,14333,21384,23011,19223,21700,12969,9979
13534,11938,11454,17062,8682,14004,21570,17225,26127,11071,11846,12605,7121,7994,12964,11023,31615,22576,13555,15819,14168,24672,10119,22374,16607,19633,23236,9352,17051,14530,5996,10904,7574,12872,8582,13457,9972,9457,12074,15891,23671,22203,12245,2532,16738,11050,16226,26457,8009,19137,5240,12591,30335,12781,23109,2582,16129,17269,23439,12661,11011,16407,18301,22807,16414,25082,25665,5711,20268,23258,9477,12911,3081,12108,17012,12667,24217,12474,7545,14481,22714,13292,30836,17593,15168,23154,24111,11265,10292,11753,6585,5703,7617,8825,12098,26168,23281,13441,17971,15328,16308,5012,7066,15306,17227,20273,13645,11279,9770,19979,21341,17091,9943,17694,11745,20826,22898,15780,7791,32349,13907,14810,8160,29328,17076,16295,19207,27119,12887,4166,21144,24485,29886,26313,22602,20419,11391
8001,6442,11112,18978,14062,2953,6925,3242,13784,6883,12949,4262,7536,8697,2594,15231,20247,8857,2743,1310,1233,13603,5041,17802,2783,5119,16626,9209,2817,224,11890,16556,16397,18173,14571,10666,14063,10886,4247,1414,15288,13794,10220,13156,5280,7521,18142,13648,7455,8108,10470,14730,18216,2109,14736,12379,20266,3280,12293,7559,14152,2417,3652,14419,18364,14026,13196,16601,7458,10222,9324,5740,13129,9820,19429,3178,10374,6863,17263,1067,17770,7768,19263,3079,3004,14932,10775,7772,16559,10939,9249,9041,7988,10155,5157,14165,9945,4104,3457,679,1894,10351,16183,1546,2578,5741,19310,5875,15594,5330,10194,19868,8376,19643,2955,7475,10087,1840,6895,23009,3319,1852,6499,16811,2427,2471,4558,15350,5206,10483,9851,17060,17802,13627,17928,7373,14951
16477,14918,19589,17754,22414,8781,5850,8792,5355,14991,21425,10905,14567,14610,11070,18750,11800,3139,11219,8151,9710,6987,12827,12089,9588,7199,11124,12785,5659,8700,17572,20075,24822,21578,22969,19143,22415,14482,12725,7348,10311,9220,18697,19607,4971,11965,18111,5172,14242,4344,17060,23189,10087,10296,10246,19398,19820,9350,5278,10930,22562,9264,5605,9945,18128,7573,5065,24063,1498,1773,12872,14200,19550,18324,18172,11637,3385,10264,25682,9526,12057,16228,11132,6781,7794,9219,2403,11200,20051,19398,15972,16059,14732,13543,10720,6034,1702,9279,6403,7926,6780,17332,24602,10005,6222,8280,21810,11578,24004,4625,4579,18611,16770,17537,11036,1351,1844,6880,13918,14328,9181,10312,13508,8282,6781,9298,5902,7219,10346,17502,3211,10608,9670,5498,12215,1530,23411
6730,5178,10197,19875,13145,3850,7945,2694,15113,6229,12022,4819,7973,9137,2443,16099,21577,10104,1716,2168,962,15041,5504,19241,1516,5432,18110,10267,4147,1215,12338,17424,16333,19070,13851,9395,13146,11762,3771,2744,16491,14997,9295,13595,6610,8078,19039,14978,7902,9549,10904,13761,19546,2565,15942,12827,21162,2269,13731,8455,13330,1366,4765,15625,19260,15464,14526,16534,8788,11552,10176,4436,13569,8906,20325,2786,12114,7759,17259,699,19208,6464,21235,3715,3974,16370,12214,8697,17417,9993,9706,9489,8419,10722,5724,15495,11276,4965,4093,2009,3224,10799,16179,217,3920,5697,20206,6444,14772,6488,11632,20764,7713,20539,3522,8805,11418,3170,7307,24447,4183,524,6947,18141,3515,1202,5600,16680,5892,10931,11289,18499,19132,14957,19366,8703,13980
2888,2048,4446,21456,6842,7956,15058,9550,21198,2691,6283,7367,5881,7637,5365,16411,27094,16592,5551,8667,6492,20017,5502,23412,8587,11950,22485,10014,10543,7611,10444,17736,10073,19465,7548,4243,6843,11985,4121,9139,20783,19289,3554,10113,11766,8186,20620,21373,6286,14508,8090,8093,25391,6275,20104,9063,22746,9377,18707,10916,7029,8474,11268,19787,20843,20440,20721,10225,15184,17949,10760,3413,10851,2620,21909,5024,18035,10199,10944,6802,23427,2658,26211,10218,9086,20588,18502,8784,17759,4344,7810,6378,6345,10485,6625,21516,17672,7968,10596,8405,9620,7306,9863,7229,10304,12805,20644,6852,8471,12991,16608,22348,1924,22123,5684,15201,17814,9566,5796,29423,7850,6842,6047,24384,10018,8310,12104,22176,7414,7372,16265,23222,24943,21370,23538,15099,8315
8363,8383,3889,26939,3626,14600,21396,16146,27843,9852,2172,14510,11958,13714,12009,21883,33738,23206,12044,15281,13137,26679,12300,30562,14937,18544,29628,16090,17187,14255,15857,22418,5792,24385,3693,5261,2858,18062,10766,15784,27926,26131,4150,12394,18410,14190,26103,28018,12361,21152,13654,728,32054,12937,27254,11743,27675,15727,25369,16929,1847,14823,17930,26937,26317,27102,27384,6592,21846,24611,16829,9769,12968,5784,27382,11686,24697,16212,5581,13400,30577,8259,32873,16880,15748,27738,25164,14797,21838,3416,13517,11949,12426,16553,13775,28178,24334,14722,17259,15068,16282,12871,5795,13579,16967,19154,25190,14001,2999,19653,23270,27821,7781,27596,12346,21863,24476,16229,11896,36085,14513,13192,12148,31047,16680,14660,18766,28838,14564,12650,22927,30372,31606,28032,30688,21761,744
21092,19222,23597,9985,24935,12939,15642,17061,8616,18943,25591,14025,17061,17103,15577,13529,13071,13497,16168,15427,15281,6642,15936,4693,17570,16893,4083,15278,12774,15109,18799,14638,27316,14927,25479,23550,25260,16335,16485,13845,1010,1382,22862,21927,10153,14459,10341,10470,16736,9168,19553,27435,11539,15113,215,21910,12083,17621,6312,13442,25703,17100,14974,1086,10391,5145,8468,26574,9377,9624,15384,18581,21260,21466,10435,15515,12701,12776,28194,15466,4844,20840,12441,15738,12179,2325,11478,13712,14810,23614,18484,18571,17244,16055,13862,8031,11017,12421,15772,14292,13348,19844,27114,16335,14547,17816,13910,14719,26879,14055,6631,10874,19911,9768,14800,11007,9782,13107,16429,13955,12949,15928,16020,10532,14590,17258,15271,8324,13487,20013,7429,4955,11091,8736,4819,10359,27445
12671,11052,12124,15288,9353,12405,20062,15681,23972,10179,12517,10801,5910,5581,11419,10232,29831,20422,12011,14275,12624,22590,8650,20494,15132,18089,21452,6796,15511,12990,3137,10915,8676,12882,9253,13741,10643,6407,10530,14169,21884,20416,12916,1072,14584,8980,14452,24303,5740,16983,3552,13263,28252,11312,21245,2583,16087,15793,21357,10182,11683,14931,16874,20943,14575,22999,23582,7667,18186,21176,6998,12154,222,11531,15641,11221,22135,9995,9549,13005,20850,12435,28972,16118,13644,21290,22028,8786,10217,12425,4244,5014,5487,6346,10345,24086,21199,11847,16496,13859,14669,3860,8474,13831,15771,18797,13603,9554,10440,18552,19259,16079,9040,15854,10276,18744,20816,14390,6345,30486,12393,13335,6682,27245,15620,14819,17780,25037,11016,3529,19061,22622,27804,24231,20738,18337,12119
6933,5202,9940,18015,12127,2003,9019,4827,14946,4951,11777,2158,5636,6798,1162,14055,20842,10950,2040,3320,1908,13763,3133,17930,4277,7159,16816,7658,4365,1979,9990,15380,14497,17109,12671,9598,12481,9629,2685,3507,15146,13652,9048,11256,5514,5468,17179,15232,5555,8256,8570,13544,19137,266,14582,10471,19292,4866,12453,6584,12651,4004,5750,14265,17389,14186,14467,14693,9042,11776,8379,4641,11220,8413,18455,1625,12472,5888,15354,2172,17898,6669,19957,5107,2857,15060,12329,6078,15377,9794,7341,7132,6079,8103,3044,15262,11499,2557,5485,2777,3573,8442,14274,3041,4676,7816,18262,3777,14093,7428,10354,18894,6634,18669,1046,9028,11672,3196,4986,23169,2350,2544,4590,18130,4525,3964,6656,15922,3212,8574,10011,17220,18689,15116,18056,8926,13765
13202,11338,16076,17251,18213,4734,5470,7731,9462,10944,17913,6858,10338,10381,7758,14520,15926,5097,7932,6363,6869,9354,8703,13554,8216,6379,12426,8555,3260,6301,13343,15845,20593,17348,18756,15868,18367,10253,8678,5015,11297,9803,15184,15377,1089,7736,17318,9326,10013,3865,12830,20169,13893,6620,10734,15187,19427,8288,8045,6719,18438,7892,4796,10417,17524,9777,8873,19852,3135,6091,8661,10824,15339,14200,17696,7627,6740,6053,21471,6956,13522,12852,14940,5972,3669,10683,6634,6989,15840,15938,11761,11848,10521,9332,6596,9842,5804,5155,5593,5480,4404,13121,20391,7825,5134,7914,18470,7454,19880,3841,5945,18135,12645,17030,6912,3349,5765,4504,9707,18131,5057,7419,9297,12488,5217,7926,5091,11027,6222,13291,5603,12812,13479,9304,13679,3036,20179
11974,10104,13245,13614,11065,11457,19115,14733,23025,9231,14229,9853,4962,4633,10472,8560,28167,19475,11064,13327,11676,21550,7610,18930,14092,17141,19787,5848,14564,12043,1312,9548,10710,11515,11153,13669,12355,4582,9582,13221,20223,18755,12981,2523,13636,8032,12778,23355,4792,16036,2974,15302,27212,10272,19664,3532,14872,14753,20316,9014,13424,13891,15834,19362,12970,21959,22542,9706,17146,20136,5958,11114,1896,11493,14036,10181,21095,8955,11588,11965,19269,11720,27391,15077,12604,19709,20988,7746,8911,13752,3204,4658,4446,5306,9305,23046,20158,10807,15456,12819,13629,3557,10514,12791,14731,17757,12297,8514,12479,17512,18219,14475,8954,14250,9236,17704,19776,13349,5305,28905,11353,12294,5641,26205,14580,13779,16740,23997,9976,3856,18021,21040,26764,23191,19157,17297,14158
12661,10821,15840,23651,18789,7477,2345,3067,12870,11628,17666,9382,13043,14206,7514,19903,18721,6238,7323,4563,5978,14516,10552,19289,4686,2024,18467,13881,5617,5982,17408,21228,21581,22846,19495,15038,18789,15565,8991,5360,17649,16558,14939,18664,8624,12803,22815,11456,12972,10780,15974,19390,17339,7613,17446,17876,24946,3318,12815,12238,18959,4387,3528,17145,23043,15109,12601,21733,8602,9279,14004,10084,18617,14535,24109,7917,6504,11543,22458,5780,19257,12113,18649,3512,7420,16419,8166,12452,21239,15623,14754,14537,13467,14676,10060,13563,7978,8784,3181,5484,5294,15847,21378,5688,3812,196,23990,10888,20401,4113,11877,24548,13116,24737,8544,7199,9564,5589,12356,21690,8126,6175,11995,15049,4345,4381,3398,14675,9886,15979,11103,18144,17065,12614,19415,7556,19609
17417,15577,20596,21523,23545,10206,2657,7823,8298,16607,22422,12321,16620,16655,12431,20803,14058,2983,12079,8569,10895,9974,14407,16013,9467,5133,14892,14838,7159,9551,19625,22128,25724,23631,24251,19795,23546,16535,13894,8300,14079,12988,19695,21660,7183,14021,21879,6632,16295,9003,19113,24172,12684,11475,14238,21507,23751,8099,8592,13039,23741,9168,5967,13921,22059,11419,8029,26115,6617,5057,14982,14866,21659,19317,22103,12733,2195,12373,26840,10567,15871,16894,13932,6901,9472,13142,3357,13309,22160,20404,18081,18168,16842,15653,12877,8998,3862,11435,6523,8694,8179,19441,25760,10470,6794,4965,24791,13735,25183,4043,8354,22541,18029,21323,12320,4753,5446,8429,16027,17035,10859,10956,15617,10395,7340,9163,5194,10018,12537,19611,6985,14389,12465,8009,16138,5459,24391
14091,12532,17203,18811,19993,6360,5109,7612,7805,12570,19039,8484,12171,12213,8684,16389,14250,3343,8833,6376,7323,8723,10437,12726,8237,6019,12395,10367,3273,6314,15154,17714,22409,19203,20583,16757,19993,12062,10304,5028,11582,10379,16310,17188,2759,9579,19172,7622,11846,3943,14642,20835,12534,7941,10883,17029,20457,8178,7413,8584,20172,7914,4434,10582,18765,9146,7514,21758,1760,4222,10485,11845,17164,15935,18809,9283,4852,7905,23313,7172,12694,13874,13581,5609,5404,9856,4775,8842,17720,17044,13602,13690,12363,11157,8331,8483,3945,6890,5231,5502,4426,14963,22233,7651,5062,7549,20335,9188,21615,3479,5314,19248,14380,18174,8646,1475,4406,4526,11613,16772,6791,7957,11139,10704,5239,7948,4730,9668,7956,15132,4971,12460,12120,7945,12852,1533,21057
9001,7599,9646,16488,9230,9713,17278,12934,21845,6732,11710,8324,2830,3729,8672,11434,27740,18294,9264,11528,9877,20381,5827,21791,12316,15342,21901,5271,12760,10239,4176,12759,8919,14488,9317,10070,10520,7008,7782,11600,20325,18724,9382,2600,12456,6768,15652,22175,3718,14855,1421,13504,26043,8489,19738,2201,17742,12977,19147,8574,11588,12115,14009,19436,15840,20790,21373,7909,15976,18966,5987,8616,3349,7868,16906,8375,19926,8387,9790,10189,22147,8772,26862,13301,10876,20127,19819,7169,12751,10126,2313,1411,3325,5487,7806,21877,18989,9149,13680,11036,12016,650,8716,11015,12935,15981,15636,6988,10682,15687,17050,17345,5376,17120,7454,16535,18607,11489,3503,30074,9615,10518,3868,25036,12784,12003,14915,22828,8596,341,16852,22735,25595,22021,22036,16128,12361
21884,20014,24389,9610,25712,13731,15205,18249,7889,19735,26383,14817,17837,17880,16369,13667,12007,13061,16961,16219,16073,5660,16716,3631,18361,16755,3069,16054,13566,15901,18937,14776,28092,14619,26256,24342,26036,16473,17277,14637,553,1991,23654,22065,10379,15235,10476,9923,17512,9081,20329,28226,10522,15904,996,22690,11593,18612,5848,14222,26494,17891,14582,1727,10544,4127,7759,27355,8985,9159,16164,19372,21426,22257,10198,16306,12259,13556,28974,16256,3781,21630,11379,15758,12970,1308,11036,14492,14976,24404,19264,19351,18024,16835,14653,7014,10575,13212,15380,15083,14139,20624,27894,17125,15211,17425,13694,15510,27659,13663,6189,10661,20702,9079,15591,10615,9340,13898,17209,12893,13740,16719,16800,9515,15381,18049,14879,7307,14278,20793,6987,3938,10074,8027,3756,9967,28236
29293,27428,32167,20135,34418,20824,17095,21215,8615,27035,34003,22910,26500,26543,23849,24247,2681,14502,24023,20942,22508,9682,24857,12476,22398,18645,11314,24718,18457,21498,29516,25356,36755,25169,34919,31958,34419,26415,24769,20150,14231,14456,31275,31540,17023,23898,21010,8308,26175,15765,28993,36323,3545,22817,15236,31352,22017,21494,10630,22884,34592,22074,18396,15074,21028,10779,8802,36017,13994,11100,24827,27021,31976,30355,20687,23824,13244,22218,37637,22343,11600,29049,4375,19572,19866,12773,11696,23154,25526,32135,27926,28014,26687,25498,22751,7602,12671,21309,19194,20745,19596,29287,36556,22822,19038,19557,24183,23608,36034,16700,12412,21086,28800,19503,23109,14142,11741,19697,25872,5546,21254,23128,25463,5284,19630,22108,17850,6956,22376,29456,13549,10197,3985,8653,12015,14368,36334
21724,19860,24598,15793,26850,13256,10379,14499,379,19466,26435,15341,18932,18974,16280,19425,6812,7785,16454,13690,15233,2373,17201,9044,15075,11929,7440,17149,11194,14224,21937,20534,29187,20823,27350,24389,26850,18846,17200,12938,8034,7237,23706,23971,9454,16330,16360,2120,18607,8196,21424,28667,5075,15161,8473,23696,17741,14771,3307,15228,26936,14752,11074,8155,16438,3825,815,28361,6367,3736,17171,19364,23848,22698,16410,16167,6567,14562,29980,14798,8277,21393,6139,12250,12210,6603,5018,15498,20734,24479,20270,20357,19031,17842,15094,1068,5656,13653,11871,13127,12051,21630,28900,15276,11715,12834,20204,15952,28378,9977,4881,16810,21144,15227,15452,6820,4239,12151,18216,9317,13597,15583,17806,3852,12308,14785,11127,2225,14720,21800,5893,6795,4672,130,8692,7037,28678
13570,11701,15209,15591,15970,6022,12900,11724,12726,9760,17273,7079,8102,7715,8631,11823,18218,12527,9222,9950,8889,10767,6985,14632,11182,12227,13861,5801,8791,8876,10588,13148,18340,14786,16514,15580,16295,7496,9172,8444,12863,11315,14921,12623,6689,5104,14755,13908,7777,8875,10076,18950,16179,8293,11942,12964,16882,11772,9623,4175,17404,10910,10764,11641,14980,11177,12122,17693,9473,10457,5918,11519,12597,13379,16046,8586,12912,3479,19249,9078,14600,13380,17611,10729,6814,11761,11689,4354,13153,15683,9025,9626,8298,6590,5915,12263,11229,5491,10716,8765,8308,10484,18168,9947,9704,13630,15926,5891,17928,11322,8008,16485,10875,16260,7871,10830,9993,7932,7548,20823,6037,9540,7075,15172,9581,10870,11718,13026,5272,11068,7665,14365,15754,12510,14758,10455,18964
4619,2888,7515,19347,10357,3827,10354,5421,17070,3286,9352,3539,5622,6785,1236,14318,22965,12463,1442,4538,2364,15892,3043,19504,4729,7821,18476,7920,6414,3482,9986,15643,13240,17372,11064,7312,10358,9892,650,5011,16774,15280,6623,11243,7637,5725,18511,17245,5551,10379,8552,11128,21266,2149,16196,10395,20600,5483,14582,8133,10551,4580,7143,15879,18697,16315,16596,13392,11059,13823,8627,2337,11141,6219,19763,898,13910,7438,14117,2677,19519,4365,22086,6093,4960,16680,14377,6323,15626,7379,7278,7057,5990,8352,4253,17391,13547,3934,6471,4280,5495,8367,13037,3429,6179,8470,18511,4392,11993,8866,12483,20202,4775,19977,1749,11076,13689,5441,4879,25298,3725,2956,4515,20259,5893,4416,7979,18051,4590,8499,12140,19314,20818,17245,19630,10974,11350
10649,9441,10698,16984,7927,11579,19145,14800,23730,8574,11090,10208,4696,5697,10538,11930,29625,20179,11130,13394,11743,22240,7687,22306,14175,17208,23157,7239,14626,12105,4682,13054,7616,14984,8014,11718,9216,7965,9649,13466,22210,20608,10766,1748,14341,8653,16148,24060,5584,16740,2942,12197,27902,10349,21597,346,18249,14836,21006,10562,10280,13974,15868,21295,16346,22649,23232,6557,17836,20825,7527,10476,2747,9491,17412,10234,21785,10375,8391,12048,22645,10395,28721,15160,12735,21986,21678,9170,12419,11004,4295,3270,5184,6883,9665,23736,20848,11008,15539,12896,13875,2710,7408,12874,14794,17840,15805,8847,9374,17546,18909,17851,7047,17626,9313,18394,20466,13348,5378,31933,11474,12377,5727,26895,14643,13862,16774,24687,10455,1864,18711,24417,27454,23880,22534,17987,11053
22686,20816,25191,9789,26425,14533,15643,18687,6415,20537,27184,15618,18550,18593,17171,14014,9197,12862,17758,16628,16744,4166,17549,2671,18806,17193,1085,16767,13828,16311,19284,15123,28805,14822,26969,25144,26749,16820,18078,15047,2714,2949,24456,22412,10808,15948,10663,8448,18225,9510,21042,29031,9020,16584,3574,23656,11706,19048,4960,15055,27300,18355,15018,3568,10716,2666,6265,28781,9421,8517,16997,20177,21763,23062,10375,17111,11854,14389,29807,16952,2123,22436,8607,16194,13665,1267,10195,15325,15313,25210,20097,20184,18857,17668,15458,5511,10404,14017,15816,15547,14603,21457,28727,17821,15646,17860,13871,16316,28492,14099,6585,10775,21507,9192,16396,11051,8971,14584,18043,10121,14545,17414,17633,8013,15948,18494,15315,5804,15084,21627,7404,1363,8571,6533,2446,10403,29041
2946,2515,2770,22254,6065,8573,15515,10167,21815,3881,4606,8284,6716,8472,5982,17246,27711,17209,6145,9284,7109,20637,6682,24250,9052,12567,23222,10848,11160,8228,11079,18571,9419,20300,6771,2566,6066,12820,4739,9756,21519,20025,1878,10488,12383,8931,21418,21990,7119,15125,8465,6383,26011,6895,20941,9407,23505,9842,19327,11661,6252,8939,11888,20624,21603,21060,21341,9859,15804,18569,11569,3878,11221,1474,22669,5644,18655,10944,10208,7422,24264,2733,26831,10838,9706,21426,19122,9530,18567,2634,8322,6754,7166,11293,7804,22136,18292,8679,11216,9025,10240,7676,9128,7694,10924,13270,21452,8031,7689,13611,17228,23108,2306,22883,6304,15821,18434,10186,6629,30043,8470,7307,6880,25004,10638,8775,12724,22796,8594,7742,16885,24059,25563,21990,24375,15719,6605
16135,14575,19331,20243,22173,8974,3308,7428,7532,15102,21168,11224,15158,15044,10824,19340,13383,438,10923,7464,9452,9176,13273,14345,9066,4858,13613,13375,5927,8453,18162,20665,24626,22168,22880,18800,22174,15072,12466,7202,12800,11709,18439,20197,5720,12410,20600,6629,14833,6127,17650,22878,11998,10341,12502,19856,22076,7699,7475,11541,22300,8768,4827,12201,20384,9769,7261,24585,3725,3939,13483,13781,20161,17968,20428,11326,1937,10875,25495,9213,14313,15809,13309,6003,8333,11475,3336,11669,20662,19082,16429,16517,15190,14155,11158,8223,2223,9717,5625,7561,7040,17790,24415,9525,5660,5761,23292,12015,23742,2904,7090,20867,16525,19793,11187,1875,4183,7290,14440,16349,9720,9870,13966,9709,6207,8762,4054,9335,10783,17960,5722,12804,11725,7274,14471,2582,23100
17679,15809,19297,7335,18767,12363,19982,18042,19375,14446,21360,12517,10658,8733,14555,1076,21783,19609,15146,16290,15207,17376,11986,12506,17496,18567,13403,6627,15238,15195,7449,1407,17967,3203,18667,19668,20057,5029,14062,14785,13839,12371,19008,10638,13771,9267,6499,21229,10251,16170,9953,22509,22214,14212,13240,11807,6453,18085,17047,8652,21110,17223,17108,12938,6652,16098,19202,16624,17311,20301,5892,16256,9973,17478,7336,14286,21260,9124,18458,15391,12845,17453,20967,17072,13157,13285,21154,9006,1401,19768,9524,11205,10208,6289,11960,18991,20324,11826,17060,15109,14652,10742,17774,16260,16047,19974,4349,11226,19756,18361,17142,7415,14975,7932,13359,17869,19941,14276,10906,22481,12373,15854,10731,21492,15924,17183,18014,19284,11617,11672,17943,14616,21770,19470,12733,17462,21377
7951,6259,8632,16428,9404,7919,15485,11111,20036,5392,10695,6515,1044,2596,6849,11374,25931,16486,7441,9704,8053,18583,4035,21153,10495,13519,20092,5091,10966,8445,4686,12699,9478,14428,9906,9056,9725,6948,5959,9882,18516,16915,8367,4688,10647,4959,15592,20366,1966,13047,2600,12331,24245,6697,17940,3840,17686,11156,17349,7695,10816,10294,12217,17638,15784,18992,19575,8474,14178,17168,5827,7291,5389,6839,16849,6584,18128,6978,10355,8368,21167,7728,25064,11480,9083,18329,18021,5563,12695,9098,2034,496,1535,5312,6014,20078,17191,7357,11859,9244,10305,1822,9281,9194,11143,14160,15579,5190,11246,13895,15252,17288,4351,17063,5661,14737,16808,9696,1693,28276,7822,8697,2083,23238,10992,10182,13123,21029,6652,1944,15054,20937,23797,20223,21279,14329,12345
25465,23596,27056,3274,26432,18333,19974,22455,12490,22207,29119,19418,18463,16538,20970,10141,14344,17830,21562,20820,20674,10264,19749,4992,22952,21524,5965,14432,18167,20503,15255,9965,25776,8283,26332,27427,27722,12834,21878,19239,6567,7228,26767,18447,15148,16569,4140,14530,18038,13850,17758,30352,14888,20495,7263,19604,5212,23389,10631,14163,28772,22482,19359,7831,4187,8732,12363,24756,13762,13942,13689,24019,17778,25241,3842,20897,17035,14864,26638,20847,5415,25215,13641,20535,17561,6025,15812,16165,11089,27531,17321,19001,18004,14086,18761,11625,15352,17803,20156,19674,18730,18539,25579,21716,19987,22201,7338,18738,27561,18439,10967,4281,22738,2698,20182,15392,14116,18489,18684,15155,18331,21310,18510,14126,19972,22640,19655,11917,18119,19469,11786,7198,14444,12631,5275,14744,29181
14940,13100,18119,22996,21068,8314,266,5346,10967,14130,19945,9915,14457,14798,9655,20276,16742,4146,9602,6131,8119,12643,11967,17291,6986,2664,16488,14254,5267,7145,18752,21601,23722,23093,21774,17317,21068,15949,11132,5894,15671,14580,17218,20051,6645,13466,23062,9322,14432,8802,17403,21690,15361,9035,15448,19305,25165,5618,10837,12458,21259,6687,3709,15147,23263,13131,10698,23644,6627,7301,14400,12385,20077,16835,23374,9828,4412,11778,24369,7691,17259,14413,16626,4430,7557,14421,6029,12714,21592,17923,16199,15967,14960,15071,10962,11668,6000,9520,4052,6255,5837,17277,23289,7988,4354,2470,24209,11431,22701,2138,9879,23813,15027,22739,9881,5221,7586,6132,13821,19712,8944,8475,13425,13072,4900,6681,3126,12712,10622,17409,9125,16166,15159,10703,17417,5581,21910
23756,21891,26630,16395,28881,15287,13187,16835,3078,21498,28466,17373,20963,21006,18312,20551,3738,10593,18486,16198,17423,4137,19311,9639,17653,14736,8034,19181,13703,16732,23968,21660,31218,21428,29382,26421,28882,20878,19232,15447,8629,8859,25738,26003,11486,18361,17269,4899,20639,10228,23456,30778,2000,17271,9521,25807,18345,17590,5085,17339,29046,17329,13651,9514,17355,5234,3256,30471,8945,6313,19281,21475,25959,24809,17014,18278,9346,16673,32091,17607,8872,23503,3064,14827,14321,7214,7798,17609,21873,26589,22380,22468,21141,19952,17205,2057,8234,15764,14449,15705,14629,23741,31011,17854,14293,15652,20510,18062,30489,12795,6866,17413,23254,15831,17563,9397,6817,14729,20326,6242,15708,18070,19917,1538,14885,17363,13945,1411,16830,23910,8003,7376,1601,3152,9287,9615,30788
5553,3822,8594,18891,11436,3151,9401,4295,16174,4365,10411,2863,5968,7131,486,14709,22069,11401,713,3477,1312,14969,3517,18834,3697,6740,17800,8311,5361,2429,10333,16034,14318,17763,12143,8218,11437,10283,1728,3958,16098,14604,7702,11589,6741,6122,18055,16192,5897,9463,8899,12162,20343,1316,15526,10841,20171,4335,13659,7464,11630,3473,6081,15209,18268,15392,15673,14471,10002,12767,9025,3271,11583,7298,19334,658,12848,6768,15196,1590,18849,5299,21163,5031,3901,16011,13320,6725,16024,8394,7720,7502,6432,8750,3752,16468,12490,3264,5409,3224,4438,8812,14116,2398,5122,7381,18909,4471,13072,7804,11560,19773,5854,19548,1549,10019,12632,4384,5321,24375,3055,1919,4960,19336,4831,3385,6916,17128,3920,8944,11217,18427,19895,16322,18960,9917,12381
11864,9994,13285,13944,10513,11348,19005,14624,22915,9121,13677,9744,4852,4523,10362,8890,28497,19365,10954,13217,11566,21489,7549,19259,14031,17032,20117,5738,14454,11933,1641,10015,10182,11944,10601,13538,11803,4912,9472,13111,20553,19085,12849,1990,13527,7923,13108,23245,4683,15926,2864,14750,27151,10211,19994,2960,15202,14692,20256,9343,12869,13830,15773,19692,13299,21898,22481,9155,17085,20075,5897,11053,1435,11306,14365,10120,21034,8894,11036,11905,19599,11659,27721,15017,12543,20039,20928,7685,9377,13592,3143,4597,4386,5245,9245,22985,20098,10746,15395,12758,13568,3496,9962,12730,14670,17696,12763,8453,11927,17452,18158,14804,8815,14579,9175,17643,19715,13289,5244,29234,11292,12234,5581,26144,14519,13719,16679,23936,9915,3304,17960,21370,26703,23130,19487,17236,13607
7451,5737,10483,17863,13068,1858,8238,4046,14256,5893,12319,2983,6578,7739,1947,14109,20152,10170,2181,2539,1211,13080,4070,17270,3495,6379,16148,8075,3686,1199,10932,15434,15438,17058,13612,10116,13422,9772,3627,2626,14491,12997,9590,12198,4824,6293,17027,14542,6496,7588,9511,14101,18454,1201,13931,11408,19136,4084,11770,6428,13588,3222,4968,13615,17233,13503,13784,15630,8359,11093,8179,5194,12158,9192,18299,2549,11690,5733,16292,1390,17238,7222,19274,4325,2012,14399,11647,6569,15421,10308,8278,8070,7016,8932,3873,14579,10817,2968,4703,1995,2890,9380,15211,2259,3894,7034,18180,4606,15030,6646,9671,18738,7572,18513,1984,8346,10989,2514,5923,22486,2187,1853,5528,17447,3743,3183,5874,15239,4070,9512,9328,16537,18006,14433,17395,8244,14323
8602,6733,10253,14576,11014,5500,13158,10305,17295,5023,12316,3896,2076,1664,5968,9547,23191,13745,6560,8288,7266,15840,3168,18411,9708,11351,17351,3150,8606,7510,5690,10872,12610,12601,11558,10623,11339,5122,5079,7264,15775,14174,9964,6917,7907,2218,13740,17625,1329,10306,4269,14022,21503,5763,15198,6931,15819,10369,14607,4953,12484,9507,9890,14896,13917,16250,16833,11607,11436,14426,3877,6793,6931,8458,14982,5715,15385,4236,13489,7582,18425,8523,22322,9559,6660,15587,15279,2821,10876,10755,3053,3592,1813,3601,3361,17336,14449,4863,9785,7144,7685,4413,12415,8407,8787,12757,13760,2570,13008,11569,12509,15421,5955,15196,4794,11994,14066,7406,1894,25534,5409,7911,1453,20495,8636,9396,10796,18287,4032,5034,12312,18194,21054,17481,18536,11587,14036
3567,1697,6073,19187,7392,6625,14326,8798,19867,1015,8136,5510,3638,5394,4613,14151,25763,15840,4799,7915,5740,18662,3316,21498,7950,11198,20550,7754,9672,6859,8201,15476,9926,17205,8081,6025,7418,9725,3370,8387,18847,17354,5337,8803,10435,5833,18351,20154,4017,13122,6745,9913,24036,5302,18190,7976,20495,8704,17352,8577,8182,7801,10548,17873,18592,19085,19366,10112,13941,16931,8510,2751,9421,3944,19658,4450,17315,7861,10831,6082,21513,3358,24856,9498,7689,18674,17770,6446,15508,6132,5579,5100,4114,8234,4711,20160,16941,6054,9876,7685,8829,6016,9751,6650,9584,12132,18393,4652,9067,12271,15253,20097,1503,19872,4266,14486,16571,8301,3545,28068,6428,6045,3796,23029,9298,7637,11383,20821,5500,6081,14910,21308,23588,20015,21624,14092,9924
7875,7151,12170,22040,15119,6014,7300,2072,15479,8203,13996,6922,10077,11240,4433,18264,22283,9945,3752,2816,3224,16802,7578,21138,724,4992,19838,12371,5609,3358,14442,19589,18378,21235,15825,10698,15120,13927,5816,4350,18655,17161,11269,15698,8492,10181,21204,15530,10006,11320,13008,15728,20203,4639,18111,14901,23331,1674,15299,10623,15297,1193,4827,17794,21428,17225,15175,18529,10171,11889,12345,6403,15643,10873,22494,4709,11478,9928,19254,2892,21106,7662,21242,3777,6142,18268,12251,10771,19586,11961,11780,11563,10493,12796,7798,16144,11553,7133,4155,4004,4813,12873,18174,2305,4332,5060,22375,8518,16740,6550,13393,22933,9680,22708,5596,9145,11955,5220,9381,24445,6352,2361,9021,18624,3577,1188,5347,17329,7966,13005,13142,20260,19781,15614,21264,9208,15948
24027,22158,25618,1671,24994,17460,21442,22139,14128,20769,27681,18495,17025,15100,20047,8704,16068,19341,20639,20505,20359,11896,18322,6612,22641,21971,7602,12994,17852,20187,13817,8386,24338,6704,24894,25990,26284,11396,20385,18923,8238,7643,25329,17010,15231,15131,2545,16168,16600,14835,16321,28925,16509,19733,8532,18177,3581,22691,12260,12736,27345,22171,20418,8230,2591,10364,13995,23329,15432,15572,12262,22592,16351,23814,2250,20026,18508,13437,25211,20536,7035,23789,15262,20808,17249,7654,17285,14738,9497,26104,15894,17574,16577,12659,17335,13256,16825,16931,20615,19362,18419,17112,24152,21405,19618,23871,5746,17311,26134,19804,12596,2649,21311,1066,19311,17062,15589,18178,17258,16775,17479,20999,17083,15758,19660,22328,20714,13549,16692,18042,13235,8829,16064,14263,6895,16414,27755
10784,8915,12435,12619,13206,3663,11298,9338,14475,7278,14498,4709,5304,4616,6261,8775,20371,10925,6853,7591,6503,13001,4495,15572,8765,9867,14531,2753,6555,6490,7541,10100,15559,11814,13728,12805,13528,4448,6689,6085,12956,11354,12146,9575,5087,1996,11783,14806,4757,7486,7028,16171,18663,5897,12359,10090,13897,9355,11768,1206,14656,8492,8383,12057,11995,13410,13993,14844,8597,11587,2863,9195,9542,10619,13061,6189,12546,489,16464,6661,15586,10576,19483,8347,4449,12748,12440,1242,10097,12904,5970,6841,5230,3535,3518,14497,11610,3095,8335,6384,5927,7429,15384,7530,7322,11249,12941,3494,15180,9647,9670,13500,8116,13275,5474,9155,11227,5551,4699,22695,3642,7123,4290,17656,7200,8453,9289,15448,2875,8327,9473,15355,18215,14642,15697,8748,16185
12795,11490,11374,16987,8603,13734,21300,16950,25876,10623,11767,12355,6872,7915,12689,11931,31540,22325,13281,15544,13893,24424,9845,22302,16336,19358,23160,9279,16781,14260,5922,11814,7906,13781,8503,13378,9893,9377,11799,15621,23596,22128,12166,2459,16487,10799,16151,26206,7761,18886,5161,12512,30086,12507,23037,2503,17041,16998,23191,12588,10932,16135,18027,22735,16342,24833,25416,6881,20020,23010,9404,12633,3008,11648,17408,12426,23969,12401,8715,14210,22641,12552,30764,17322,14894,23082,23863,11192,11204,11674,6506,5429,7342,8752,11824,25920,23033,13167,17700,15054,16033,4933,7709,15035,16953,20002,14556,11031,9691,19705,21093,17847,9203,17622,11471,20578,22650,15506,7535,32277,13633,14539,7885,29079,16802,16024,18933,26871,12613,4087,20895,24413,29638,26065,22530,20171,11312
3113,1820,6985,20250,9926,5222,11598,6347,18596,3266,8810,4933,6486,7649,2631,15221,24492,13668,2302,5732,3734,17411,3997,20901,5138,8996,19870,8824,7705,4773,10850,16546,12968,18275,10633,5778,9927,10795,1703,6302,18168,16674,6083,11687,9164,6628,19414,18536,6415,11774,9416,10558,22786,3546,17593,11081,21513,5928,16101,9368,10122,5024,8320,17276,19611,17834,18116,13121,12380,15145,9541,825,12073,5704,20677,2301,15773,8652,13839,3861,20916,2854,23605,7270,6344,18077,15769,7237,16540,6791,8210,7992,6922,9266,5077,18910,14868,5331,7648,5602,6816,9122,12759,3780,7501,9355,19425,5346,11564,10043,14002,21116,4504,20891,3104,12398,15010,6763,5811,26817,5122,3393,5450,21779,7070,4861,9156,19570,5867,9188,13659,20711,22338,18550,21027,12295,10778
17733,15864,19324,10682,20043,11166,18603,16868,21780,14475,21387,12201,10990,9123,13753,8405,25240,18230,14344,15094,14032,20785,12456,16414,16736,17370,16860,6676,14042,14020,8928,9589,19732,9877,20130,19695,20417,6111,14090,13588,17292,15824,19035,12308,12392,8837,9847,22110,10306,14791,10499,23505,26139,13867,17165,13471,12389,17325,19551,6870,21991,16463,16364,16863,10487,20023,21777,19179,16380,19370,6781,16727,12222,17948,11553,14160,20330,7572,21061,14631,16770,17923,24892,16328,12414,17210,20223,8872,10115,20239,10354,12034,10982,7254,11469,22281,19393,11066,16316,14365,13908,11735,19987,15500,15303,19230,11433,11445,21952,17431,17454,11992,15445,11767,13445,16939,19011,13532,11392,26406,11613,15094,11217,25440,15181,16423,17270,23232,10826,12657,17256,18541,25695,22425,16658,16532,23631
13570,11701,15209,15591,15970,6022,12900,11724,12726,9760,17273,7079,8102,7715,8631,11823,18218,12527,9222,9950,8889,10767,6985,14632,11182,12227,13861,5801,8791,8876,10588,13148,18340,14786,16514,15580,16295,7496,9172,8444,12863,11315,14921,12623,6689,5104,14755,13908,7777,8875,10076,18950,16179,8293,11942,12964,16882,11772,9623,4175,17404,10910,10764,11641,14980,11177,12122,17693,9473,10457,5918,11519,12597,13379,16046,8586,12912,3479,19249,9078,14600,13380,17611,10729,6814,11761,11689,4354,13153,15683,9025,9626,8298,6590,5915,12263,11229,5491,10716,8765,8308,10484,18168,9947,9704,13630,15926,5891,17928,11322,8008,16485,10875,16260,7871,10830,9993,7932,7548,20823,6037,9540,7075,15172,9581,10870,11718,13026,5272,11068,7665,14365,15754,12510,14758,10455,18964
8297,6567,11305,16120,13349,298,8353,5824,13541,6173,13142,2094,6858,7122,2999,12366,19437,9963,3591,4087,2989,12343,4344,16044,5268,6503,15004,6332,3345,2976,11076,13691,15719,15315,13893,10963,13702,8029,3907,2723,13302,11808,10413,12375,4108,5660,15284,13827,6756,6851,9727,14898,17717,2309,12736,11682,17399,5857,11033,4692,13861,4995,5008,12419,15497,12766,13047,15903,7622,10612,6443,5996,12376,9624,16563,2930,11451,3996,16565,3163,16059,8024,18537,4973,1437,13220,11452,4832,13685,11148,8498,8343,7259,7114,2385,13842,10622,1232,4946,2945,2553,9653,15485,4033,3948,7875,16443,3243,15304,6466,8934,17002,7845,16777,2215,8167,10252,2177,6197,21749,450,3626,5801,16710,3825,4956,5915,14502,2334,9785,8591,15854,17269,13696,16170,7773,15120
13455,12151,12168,17811,9397,14416,21982,17611,26536,11284,12561,13015,7533,8709,13349,11774,32363,22986,13941,16204,14553,25107,10553,23071,17019,20019,23984,10067,17463,14942,6710,11655,8324,13622,9296,14172,10687,10171,12459,16303,24420,22952,12960,3247,17148,11459,16975,26866,8421,19547,5955,13343,30769,13215,23806,3287,16879,17680,23873,13413,11763,16818,18734,23504,17111,25516,26099,6290,20703,23693,10229,13316,3833,12331,17762,13108,24652,13226,8124,14893,23410,13235,31533,18005,15601,23851,24545,12088,11043,12506,7337,6136,8050,9577,12531,26603,23715,13875,18383,15762,16741,5764,7645,15718,17660,20684,14395,11714,10522,20412,21776,17841,9886,18391,12179,21261,23333,16214,8217,33046,14340,15222,8608,29762,17509,16707,19640,27554,13321,4918,21578,25182,30321,26748,23299,20854,12143
16029,14470,19225,19613,22137,8504,3932,7649,6967,14715,21062,10629,14316,14357,10719,18533,13608,1412,10817,7358,9346,8616,12575,13693,8826,5482,12987,12511,5417,8349,17298,19858,24554,21347,22728,18694,22138,14206,12360,7110,12169,11078,18333,19333,4903,11723,19969,6855,13991,5463,16786,22792,11693,10079,11849,19166,21423,8300,6903,10767,22310,8502,4791,11549,19731,9198,6701,23895,3055,3379,12623,13695,19302,18072,19775,11240,2921,10043,25451,9127,13660,15723,12756,5967,7542,10822,3497,10979,19857,18996,15740,15828,14500,13294,10468,7663,2543,9027,5589,7477,6563,17100,24370,9439,5577,6406,22518,11326,23752,2975,6417,20214,16518,19140,10784,1205,3528,6663,13750,15934,8929,9784,13277,9930,6123,8536,4168,8842,10094,17270,5049,12232,11289,7104,13818,1911,23014
9730,8171,12841,18287,15527,2114,6162,3966,12120,8351,14678,4276,9036,9159,4323,14540,18584,7772,4472,2239,2962,11939,6664,16139,4384,4188,14963,8518,1154,1953,13112,15865,17897,17482,16071,12395,15876,10201,5976,635,13625,12131,11949,14412,3617,7697,17451,11984,8792,6445,11764,16458,16553,3837,13073,13871,19568,4530,10630,6860,16057,3923,2723,12756,17665,12362,11533,18093,5794,8559,8626,7468,14425,11548,18731,4906,9246,6165,18754,2795,16107,9496,17600,2687,2064,13268,9112,7073,15861,12667,10547,10532,9307,9298,4682,12502,8282,3406,2660,1124,267,11842,17674,3274,1662,5589,18611,5779,17499,4261,8531,19170,10034,18945,4404,5811,8424,211,8386,21345,2747,3580,7990,15148,1539,4071,3629,13687,4508,11975,8188,15397,16138,11964,16265,5709,16679
9497,7938,12705,21209,15547,5112,5267,823,13235,8475,14541,6695,9883,11046,4362,17462,19814,7373,4285,1722,2826,14882,7402,18954,2233,2862,17916,11439,3684,2830,14248,18787,18429,20404,16253,12162,15547,13117,5839,2720,16579,15085,11813,15504,6570,9954,20373,13061,9812,9398,12814,16320,17959,4464,16013,14726,22506,1386,13061,9799,15742,1885,2307,15697,20604,15303,12966,18584,7982,9645,11564,7217,15468,11410,21670,4768,8888,9103,19309,2655,18922,9245,19022,1131,5063,16084,9777,10012,18799,12524,11605,11387,10317,12595,7408,13929,9078,6345,1509,2649,2915,12697,18229,2974,2409,3507,21550,8094,17184,4244,11471,22108,9967,21883,5394,6900,9717,3210,9206,22200,5559,3305,8845,16150,1655,1919,2907,15108,7446,12830,10905,18688,17555,13370,19080,6970,16542
16112,14272,19291,22822,22239,8898,1359,6518,9596,15302,21116,11012,15555,15895,10613,20831,15377,2890,10774,7260,9285,11288,13096,17326,8153,3831,16192,14808,5851,8242,19849,22155,24415,23648,22946,18489,22240,16504,12299,6991,15379,14288,18389,21148,7200,14021,23179,7952,15529,8911,18501,22858,13998,10164,15552,20434,25064,6786,9905,13045,22427,7855,4656,15234,23372,12733,9342,24811,6459,6371,14987,13552,21206,18003,23416,10996,3041,12365,25537,9253,17184,15580,15246,5597,8161,14456,4671,13301,22180,19090,17328,17095,16088,15658,11566,10312,4953,10124,5219,7383,6868,18405,24456,9156,5483,3642,24796,12424,23869,2732,9667,23855,16715,22637,11009,4609,6760,7118,14949,18349,9548,9643,14553,11709,6029,7849,3883,11332,11226,18538,8299,15703,13779,9323,17452,5316,23077
11413,10960,6488,22559,3085,15488,23053,18392,28972,10656,6259,14364,10700,12051,14207,17504,34867,24985,14413,17510,15335,27533,12192,27890,17567,20793,28733,14216,18534,16014,11478,18039,388,20006,2608,8662,4045,14749,12964,17374,27452,25850,7327,8015,19583,13895,21724,29302,11589,21982,9845,6412,33195,14261,26890,7769,22908,18322,26299,16645,5040,17419,19781,26588,21930,27942,28525,1546,23128,26118,14445,12324,8581,8021,22996,13882,26503,15928,1155,15661,28229,11194,34014,19076,16647,27279,26971,14513,17071,6702,11293,9784,11227,13801,13659,29028,26141,15002,19455,16808,17787,9628,82,16268,18707,21453,20424,13529,3644,21459,24202,23435,8262,23210,13225,23687,25758,17260,11277,37226,15386,15890,11667,32188,18556,17255,20687,29979,14448,8782,24004,30001,32747,29173,28117,23279,5265
2440,607,5102,20328,7926,6620,13562,8214,19863,1563,6938,6238,4753,6509,4029,15283,25758,15256,4192,7331,5157,18710,4370,22280,7125,10614,21357,8885,9207,6275,9315,16608,10947,18337,8632,4898,7927,10857,2786,7804,19655,18161,4210,9912,10430,7058,19492,20038,5158,13172,7860,8735,24085,4968,18972,9062,21614,7915,17400,9784,8090,7012,9961,18655,19711,19133,19415,11101,13877,16642,9628,1951,10520,3682,20777,3717,16728,9067,11820,5495,22295,2211,24904,8911,7779,19456,17195,7653,16627,4985,6678,6199,5213,9353,5493,20209,16365,6836,9289,7099,8313,7103,10740,5767,8997,11343,19512,5720,9532,11684,15301,21216,2485,20991,4377,13894,16507,8259,4664,28116,6543,5380,4915,23077,8711,6848,10797,20869,6282,7169,14958,22090,23636,20063,22406,13792,8957
19956,18086,22461,8873,23764,11803,14252,15925,7227,17807,24455,12889,15890,15932,14441,12418,12124,12108,15032,14291,14145,5245,14763,4514,16428,15802,3454,14107,11638,13973,17688,13527,26145,13815,24308,22414,24089,15224,15349,12709,1787,276,21726,20816,9017,13288,9230,9081,15565,8017,18382,26293,10866,13971,1237,20737,10985,16479,4916,12269,24561,15958,13628,921,9293,4448,7072,25402,8031,8227,14212,17439,20162,20324,9337,14373,11304,11603,27021,14324,4528,19698,11623,14804,11037,1690,10081,12539,13712,22472,17311,17398,16072,14883,12720,7102,9621,11279,14426,13150,12206,18671,25941,15193,13405,16470,12812,13577,25706,12709,5235,9776,18769,8670,13658,9661,8385,11965,15257,12996,11807,14786,14847,9859,13448,16116,13925,7651,12345,18841,6033,4297,10418,7340,4639,9013,26303
20297,18427,22802,9434,24056,12144,14475,16266,7424,18148,24796,13229,16182,16224,14782,12979,11563,12331,15373,14631,14486,5457,15057,3953,16767,16025,2893,14399,11979,14314,18248,14088,26436,14376,24600,22755,24381,15785,15689,13050,1591,535,22067,21377,9358,13580,9791,9278,15857,8309,18674,26632,10305,14310,1799,21031,11546,16818,5127,12563,24900,16297,13862,1456,9854,3887,7283,25696,8265,8439,14505,17778,20723,20663,9898,14712,11539,11897,27315,14663,3967,20037,11062,15038,11376,1129,10315,12833,14273,22811,17605,17692,16365,15176,13059,6797,9855,11618,14660,13489,12545,18965,26235,15532,13744,16704,13373,13917,26000,12943,5469,10337,19108,9231,13997,9895,8620,12304,15551,12435,12146,15125,15141,9298,13787,16455,14159,7090,12684,19134,6267,3736,9857,7551,4078,9247,26642
21614,19745,24119,9506,25466,13461,14571,17616,6426,19465,26113,14547,17591,17634,16099,13554,10278,12418,16686,15557,15672,4187,16465,3280,17717,16121,1835,15809,12756,15240,18824,14663,27846,14539,26010,24073,25791,16360,17007,13975,1633,1878,23384,21952,9736,14989,10380,8440,17266,8438,20084,27942,9031,15495,2491,22439,11418,17959,4949,13971,26210,17266,13929,2484,10428,2655,6286,27104,8332,8472,15914,19088,21292,21973,10087,16022,11599,13305,28724,15863,2919,21347,9788,15105,12576,183,10368,14241,14842,24121,19013,19101,17774,16585,14369,5523,9915,12928,14726,14458,13514,20374,27643,16732,14557,16771,13583,15226,27408,13009,5496,10487,20418,8904,15307,9962,8680,13495,16959,11204,13456,16325,16549,8024,14858,17405,14225,5816,13994,20543,6315,2446,8583,6554,3203,9314,27952
26724,24859,29598,17985,31849,18255,16260,20380,6102,24466,31434,20341,23931,23974,21280,22096,1041,13666,21454,19222,20390,7140,22290,10350,20662,17809,9163,22149,16727,19756,27365,23205,34186,23018,32350,29389,31850,23846,22200,18471,11629,11859,28706,28970,14454,21329,18859,7472,23606,13195,26424,33756,1249,20250,12501,28785,19891,20656,8088,20317,32025,20339,16661,12494,18901,8213,6266,33450,11954,9323,22260,24453,28937,27787,18560,21256,12356,19651,35069,20586,9473,26482,1690,17837,17299,10193,10807,20587,23400,29568,25359,25446,24120,22931,20183,5064,11243,18742,17458,18714,17638,26719,33989,20863,17302,18718,22056,21041,33467,15861,9869,18960,26233,17377,20541,12407,9826,17739,23305,3419,18686,21049,22895,3545,17895,20372,17011,4393,19809,26889,10982,8071,1428,6162,9888,12624,33767
6461,4591,8966,17330,9881,4050,11615,7241,17310,2780,10959,2889,2874,4037,2980,12301,23205,13547,3571,5835,4184,16129,392,18966,6622,9649,17928,5904,7096,4576,7238,13626,12251,15355,10425,8919,10206,7875,2090,5936,16226,14732,8231,8495,7877,3475,16494,17596,2803,10501,5804,12809,21504,2825,15658,7715,18460,7283,14820,6172,11078,6421,8344,15341,16558,16552,16834,12346,11408,14398,6615,4404,8457,6841,17623,2711,15067,5476,13126,4496,18981,6214,22323,7608,5211,16142,15238,4090,13614,8988,4594,4377,3307,6339,2179,17628,14408,3522,7986,5372,6351,5687,12045,5321,7270,10287,16498,1726,11826,10023,12721,18062,4405,17837,1789,11954,14038,5824,2195,25535,3950,4825,1835,20497,7119,6310,9250,18289,2968,5819,12378,18776,21056,17482,19092,11560,12820
6460,5132,10151,19876,13100,3851,8625,3375,15724,6184,11977,4739,7894,9057,2373,16100,22110,10721,1689,2785,1232,15011,5383,19210,2157,6049,18111,10187,4758,1826,12258,17425,16313,19071,13806,9349,13100,11763,3750,3355,16491,14997,9249,13515,6782,7998,19040,15589,7823,9550,10824,13710,20385,2445,15912,12707,21132,2947,13701,8424,13279,2043,5339,15595,19229,15434,15138,16492,9399,12164,10145,4385,13449,8856,20295,2695,12106,7729,17217,1217,19178,6421,21205,4289,3943,16340,12788,8577,17387,9943,9586,9368,8298,10602,5604,16107,11887,4934,4667,2621,3835,10678,16137,615,4519,6374,20175,6324,14722,7062,11602,20734,7662,20509,3402,9416,12029,3781,7187,24417,4153,167,6826,18752,4089,1880,6174,17170,5772,10811,11259,18468,19937,15568,19336,9314,13930
13701,12053,11620,16381,8849,14158,21723,17379,26052,11186,12013,12759,7274,7637,13117,10452,30934,22502,13709,15972,14321,24617,10302,21721,16790,19787,22555,8875,17205,14684,5498,10333,8153,12300,8749,13624,10139,8782,12227,16044,22990,21522,12412,2223,16664,11060,15545,26382,7797,19063,4787,12796,30279,12964,22456,2788,15558,17452,23383,12209,11216,16589,18484,22154,15762,25314,25609,6379,20213,23203,9025,13094,2613,12313,16441,12850,24162,12022,8213,14664,22061,13497,30183,17776,15351,22501,24055,10813,9721,11958,6183,5886,7426,8373,12281,26113,23225,13624,18154,15511,16491,5127,7734,15489,17410,20456,13074,11462,9973,20162,21286,16520,10148,17041,11928,20771,22843,15963,7974,31697,14090,14993,8343,29272,17259,16478,19390,27064,13070,4349,21088,23832,29831,26258,21949,20364,11597
13019,11460,16216,20112,19058,5848,2761,4989,9022,11986,18052,7979,12652,12928,7710,17391,15486,3717,7808,4348,6337,10636,10172,14731,5808,3396,14597,11369,2801,5339,16156,18716,21512,20205,19764,15684,19059,13064,9350,4024,13784,12398,15324,18190,3761,10581,20174,8826,12562,5961,15644,19775,13742,7240,12888,17510,22286,5559,8838,9579,19197,5485,1814,12587,20384,11151,8714,21732,3758,5428,11480,10678,18160,14865,20555,8223,5226,8900,22394,6110,14699,12706,14781,2990,5094,11860,5994,9837,18715,15979,14327,14172,13088,12152,8499,9683,5164,7057,2612,4460,3802,15482,21313,6422,2559,5201,21330,9357,20639,884,7319,20994,13422,19888,8085,2684,5494,4051,12025,17984,6482,6766,11630,11937,3106,5519,2111,10868,8159,15614,6681,14464,13320,9153,14857,2747,19997
8083,6531,11551,20992,14499,4967,6628,1367,14523,7561,13376,6078,9232,10396,3711,17216,20987,9273,3033,1654,2204,15745,6750,19944,397,4189,18782,11526,4602,2247,13597,18541,17651,20187,15205,10749,14500,12880,5088,3249,17444,15950,10649,14854,7436,9337,20156,14327,9161,10264,12163,15116,19250,3812,16878,14074,22271,956,14346,9564,14685,55,3874,16561,20369,16168,14222,17847,9177,10936,11285,5810,14816,10261,21435,4099,10801,8868,18572,1903,19912,7838,20289,2824,5083,17073,11575,9674,18527,11348,10953,10735,9665,11969,6971,15191,10876,6074,3202,2740,3700,12045,17492,1414,3379,4384,21315,7690,16127,5597,12336,21874,8973,21648,4768,8191,11001,3982,8554,23492,5292,1901,8193,17445,2624,107,4549,16376,7139,12177,11993,19202,18828,14661,20070,8255,15335
10529,9128,10998,16193,8227,11233,18798,14454,23355,8261,11390,9834,4350,5216,10192,11139,29251,19805,10784,13047,11396,21892,7339,21508,13827,16862,22366,6757,14280,11759,3891,12464,7916,14193,8314,11599,9516,7161,9302,13119,21836,20234,10910,1351,13967,8278,15357,23685,5238,16366,2461,12505,27554,10001,21250,798,17451,14488,20659,10070,10589,13626,15521,20948,15548,22301,22884,6985,17488,20478,6972,10131,2302,9388,16614,9887,21437,9883,8819,11701,21847,10292,28374,14813,12388,21639,21331,8677,11659,11312,3803,2923,4837,6320,9318,23388,20501,10661,15191,12548,13527,2231,7717,12526,14447,17492,15045,8499,9683,17199,18561,17053,6897,16828,8965,18046,20118,13000,5011,31483,11127,12030,5379,26547,14296,13515,16427,24339,10107,1386,18364,23619,27106,23533,21735,17639,11362
11988,10429,15185,21116,18027,5216,3322,3642,10468,10956,17022,7102,11644,11985,6702,17482,16932,5011,6777,3317,5306,12110,9150,16182,4770,2049,16047,11451,2169,4331,15938,18807,20504,20424,18733,14654,18028,13148,8319,3080,15162,13668,14293,17237,4976,10522,20393,10272,11618,7411,14590,18736,15187,6218,14339,16488,22501,4210,10289,9793,18159,4447,465,14038,20598,12602,10195,20710,5210,6873,11559,9639,17260,13827,21561,7184,6510,9098,21372,5071,16150,11668,16250,1641,4456,13312,7192,10006,18794,14940,13382,13150,12143,12231,7861,11157,6493,6419,1263,3438,3020,14460,20292,5383,1537,3911,21544,8614,19601,1473,8770,22000,12383,20895,7064,4128,6945,3315,11004,19428,5843,5728,10608,13382,2083,4480,762,12336,7521,14592,8133,15916,14783,10598,16308,4198,18958
11098,9697,11927,15264,9155,11647,19304,14923,23237,8830,12319,10043,4918,4822,10661,10210,29133,19687,11253,13516,11865,21772,7744,20579,14226,17331,21438,6060,14753,12232,2962,11535,8845,13264,9243,12168,10445,6232,9771,13410,21874,20405,11479,937,13849,8245,14429,23567,4982,16248,1972,13434,27434,10406,21314,1726,16522,14887,20538,9364,11518,14025,15968,21012,14619,22181,22764,7914,17367,20357,6180,10695,1507,9952,15685,10315,21317,9177,9748,12099,20918,10856,28253,15211,12738,21359,21210,7968,10731,12241,3338,3450,4580,5528,9439,23268,20380,10941,15590,12953,13763,2282,8646,12925,14865,17891,14117,8648,10611,17646,18441,16124,7461,15899,9370,17926,19997,13483,5439,30554,11486,12428,5775,26427,14714,13913,16874,24218,10110,1950,18243,22690,26986,23412,20807,17519,12291
12346,11041,12395,18085,9624,13307,20872,16501,25427,10174,12787,11906,6423,7722,12240,12506,31322,21876,12832,15095,13444,23971,9417,23406,15883,18909,24258,9263,16353,13833,6627,12387,9042,14354,9585,13415,10913,9995,11350,15193,23907,22305,12463,3109,16038,10350,17249,25757,7312,18437,4967,13600,29633,12079,23329,2227,17614,16544,22737,12578,11984,15682,17598,23027,17446,24380,24963,6997,19567,22557,9559,12180,4094,11195,18512,11972,23516,12367,8831,13757,23745,12099,30453,16869,14465,23717,23409,10952,11777,12707,6312,5000,6914,8915,11395,25467,22580,12739,17247,14626,15605,4726,8352,14582,16524,19548,15130,10578,10779,19277,20640,18576,8750,18726,11043,20125,22197,15078,7081,33381,13204,14086,7472,28626,16373,15571,18504,26418,12185,3880,20442,25517,29185,25612,23633,19718,12399
11565,10261,11322,17016,8550,12509,20075,15721,24646,9394,11714,11125,5626,6597,11459,12096,30542,21096,12051,14315,12664,23192,8619,22332,15105,18129,23226,8139,15556,13035,5137,12609,7873,14577,8450,12635,9840,8408,10570,14396,23127,21525,11683,1630,15258,9569,16261,24977,6514,17657,3842,12462,28855,11281,22550,915,17838,15766,21959,11482,10882,14904,16801,22248,16462,23602,24185,6219,18788,21778,8447,11401,2309,10416,17438,11194,22737,11295,8053,12978,22688,11320,29674,16090,13668,23128,22631,10090,12001,11624,5215,4203,6117,7803,10598,24688,21801,11941,16469,13828,14808,3642,7574,13804,15727,18770,15354,9800,9639,18479,19861,17877,7972,17652,10245,19346,21418,14280,6303,32324,12407,13307,6660,27848,15576,14792,17707,25639,11387,2796,19664,24460,28406,24833,22576,18939,11319
21146,19277,23651,10023,24974,12993,15691,17115,8666,18997,25645,14079,17099,17142,15631,13568,12669,13547,16223,15481,15335,6402,15974,4289,17619,16947,3806,15317,12828,15164,18838,14677,27354,14965,25518,23605,25298,16374,16539,13900,697,1438,22916,21966,10208,14497,10380,10520,16774,9206,19592,27484,11264,15162,254,21948,12122,17670,6362,13480,25752,17149,15012,1200,10429,4869,8517,26613,9415,9673,15422,18630,21298,21515,10473,15564,12750,12814,28232,15515,4440,20889,12037,15787,12228,2050,11527,13750,14849,23663,18522,18609,17282,16093,13911,7756,11066,12470,15810,14341,13397,19882,27152,16384,14596,17855,13948,14768,26917,14093,6681,10912,19960,9737,14849,11045,9831,13156,16468,13551,12998,15977,16058,10257,14639,17307,15309,8049,13536,20051,7479,4680,10816,8785,4415,10397,27494
21918,20049,23537,4223,21714,16485,23922,22187,19971,18686,24878,16757,14898,12973,18795,5203,21837,23549,19386,20413,19352,17672,16226,12388,21613,22689,13371,10867,19361,19339,11689,3155,20813,1162,21614,23908,23004,9269,18302,18907,13914,12889,23248,13828,17711,13507,4467,21937,14491,20110,14193,25608,22285,18452,13795,15323,3020,22202,17684,11748,24028,21340,21241,13493,3900,16140,19839,18870,20657,20986,10132,20496,13173,21718,3903,18526,23771,12449,20705,19508,12812,21693,21038,21205,17291,13431,22548,13246,4249,24008,13764,15444,14448,10529,16200,19033,22088,15943,21193,19242,18785,14982,20226,20377,20180,24107,251,15466,22862,22308,17779,3982,19215,4952,17599,21816,20852,18409,15146,22552,16490,19971,14971,21534,20058,21301,22147,19326,15703,15912,18498,14606,21841,20107,12672,21409,24482
11885,10483,11924,15929,9152,12395,20052,15809,24084,9616,12316,10791,5705,5571,11548,10874,29979,20533,12139,14403,12752,22623,8695,21192,15183,18217,22093,6907,15501,13114,3744,11557,8475,13524,9052,12954,10442,7014,10658,14158,22525,21057,12266,193,14695,9091,15093,24414,5730,17094,2794,13066,28286,11357,21943,1609,16785,15844,21390,10215,11486,14982,16876,21641,15272,23032,23616,7474,18219,21209,7031,11486,1311,10744,16338,11242,22168,10029,9308,13056,21548,11648,29105,16168,13556,21988,22062,8820,10914,12229,4155,4241,5398,6379,10257,24119,21232,11758,16547,13904,14580,3111,8278,13882,15802,18848,14300,9465,10244,18555,19292,16777,8252,16552,10321,18777,20849,14301,6256,31184,12304,13385,6593,27278,15651,14870,17782,25070,10928,2742,19095,23319,27837,24264,21436,18370,11923
21215,19345,23720,9263,25073,13062,14693,17737,7377,19066,25714,14148,17198,17241,15700,13320,11249,12548,16292,15550,15404,5232,16153,3377,17763,16242,2556,15416,12887,15232,18589,14429,27453,14272,25617,23673,25397,16126,16608,13968,736,1478,22985,21718,9867,14596,10129,9411,16873,8569,19691,27628,10095,15306,1538,22127,11339,18185,5420,13659,25897,17294,14155,1958,10285,3700,7331,26792,8558,8732,15602,18774,21167,21659,10009,15708,11831,12993,28411,15659,3522,21033,10852,15331,12372,881,10608,13929,14717,23807,18701,18788,17462,16273,14055,6587,10148,12614,14952,14485,13541,20061,27331,16528,14783,16997,13505,14913,27096,13236,5762,10408,20105,8825,14993,10188,8912,13300,16647,12268,13143,16122,16237,9088,14783,17451,14452,6879,13681,20231,6560,3510,9647,7599,3503,9540,27639
7167,5298,8802,15909,9579,6174,13740,9357,18289,4150,10865,4768,758,2278,5095,10902,24185,14739,5687,7951,6300,16834,2288,19405,8740,11765,18345,4504,9221,6700,5122,12227,11225,13956,10096,9188,9903,6476,4206,8136,16770,15168,8513,6336,8901,3212,15073,18620,687,11300,3688,12503,22496,4950,16192,5576,17152,9402,15601,5947,10988,8540,10469,15890,15249,17243,17826,10222,12430,15420,5222,5875,6339,6968,16315,4830,16379,5230,12104,6614,19419,6926,23316,9726,7336,16581,16273,3815,12221,9236,2476,2238,1188,4947,4233,18330,15443,5610,10105,7497,8557,3548,11029,7440,9395,12406,15106,3441,11512,12148,13503,16754,4465,16529,3914,12988,15060,7949,77,26528,6075,6943,335,21489,9244,8428,11375,19281,4904,3680,13305,19188,22048,18475,19530,12581,12517
8643,8909,3957,26087,2454,14637,21901,16553,28077,9027,1999,13684,10987,12743,12368,21031,33973,23595,12531,15670,13495,26553,11479,29389,15058,18953,28328,15119,17546,14614,14442,21566,5346,23534,2491,5542,1158,17091,11125,16142,26752,25151,4373,11542,18645,13220,25251,28363,11390,21375,12421,2355,31927,12911,26081,10462,26821,15848,25243,15970,2,14945,17895,25764,25463,26976,27257,5827,21832,24822,15869,9885,12114,5600,26529,11650,24661,15253,5218,13429,29404,8526,32747,16844,15455,26566,25128,13838,20984,3651,12557,10990,11467,15594,12602,28052,24298,13945,17223,15032,16246,11912,5096,13700,16931,19276,24337,12829,2228,19617,23144,26968,6836,26743,12033,21828,24462,16067,10943,35959,14194,13314,11188,30920,16645,14782,18730,28712,13392,11370,22801,29199,31479,27906,29515,21983,1925
8891,7332,12002,18794,14952,2709,6259,3560,13051,7773,13839,4329,8426,8975,3484,15047,19483,8191,3633,1364,2123,12971,5935,17170,3425,4453,15990,9025,2181,1114,12928,16372,17287,17989,15461,11556,14953,10702,5137,496,14652,13158,11110,14046,4644,7513,17958,12855,8345,7472,11360,15623,17584,3002,14105,13273,20079,3762,11661,7372,15045,2947,2989,13788,18177,13394,12564,17495,6826,9469,9137,6633,14022,10713,19243,4071,9719,6676,18156,1960,17138,8662,18631,2515,2737,14300,10018,7585,16372,11832,10143,9934,8881,10147,5145,13533,9188,3918,2832,222,1002,11244,17076,2397,1834,5856,19123,5831,16487,4668,9562,19681,9270,19456,3848,6724,9456,1208,7788,22377,3132,2745,7392,15947,1683,3113,3896,14718,5019,11376,9219,16429,17170,12995,17296,6775,15844
23135,21266,25640,10055,26874,14983,15643,19137,6603,20987,27634,16068,19000,19042,17620,14280,8802,13050,18208,17078,17194,4346,18000,2552,19257,17193,859,17217,14278,16761,19550,15389,29255,15088,27418,25594,27199,17086,18528,15497,3163,3399,24905,22678,11257,16398,10929,8636,18675,9960,21492,29482,9200,17035,4025,23929,11978,19499,5140,15506,27750,18806,15469,4018,10989,2846,6445,29054,9872,8697,17448,20628,22035,23513,10648,17562,12035,14840,30258,17403,1672,22887,8156,16645,14116,1718,10375,15776,15585,25661,20548,20635,19308,18375,15909,5692,10585,14468,16266,15998,15054,21908,29178,18272,16097,18311,14144,16767,28943,14550,6727,11047,21958,9464,16847,11502,9151,15035,18494,9670,14996,17865,18084,8193,16398,18945,15765,5985,15534,22077,7855,906,8752,6713,2087,10854,29492
4325,3050,8215,21012,11157,5266,11281,6031,18290,4559,10040,4978,7248,8411,2634,15983,24186,13362,1996,5426,3428,17108,4643,20959,4841,8690,19915,9585,7399,4467,11612,17308,14198,19037,11863,6990,11158,11557,2424,5996,18213,16719,7313,12869,8858,7390,20176,18230,7177,11579,10178,11777,22483,3561,17651,12187,22160,5631,15799,9588,11340,4727,8023,17334,20257,17531,17813,14339,12057,14822,10188,2044,12719,6922,21323,2604,15475,8893,15058,3564,20974,4053,23302,6973,6041,18135,15472,7883,17186,8010,8856,8639,7569,9912,5724,18607,14545,5389,7351,5279,6493,9949,13978,3483,7178,9058,20071,5993,12783,9746,13699,21762,5723,21537,3582,12074,14687,6440,6457,26514,5180,3096,6097,21476,6773,4564,8858,19267,6044,10081,13357,20566,22035,18227,21085,11972,11997
4470,2601,6542,18153,7504,6161,13727,9299,19441,1702,8607,5020,2605,4361,5038,13117,25337,15658,5519,7893,6242,18258,2841,20979,8411,11707,19932,6720,9208,6687,7167,14442,9874,16171,8048,6738,7829,8691,4071,8048,18356,16755,6049,7770,10009,4799,17317,19727,2983,12633,5711,10265,23632,4932,17766,6946,19438,9418,16948,7521,8801,8514,10451,17464,17536,18681,18962,10067,13536,16526,7453,3625,8365,4517,18602,4666,17174,6804,10734,6553,20993,4231,24452,9665,7318,18155,17366,5389,14452,6776,4522,4043,3058,7177,4307,19756,16536,5650,10044,7479,8458,5078,9654,7054,9377,12345,17336,4177,9434,12130,14849,19041,2014,18815,3896,14082,16167,7931,2488,27664,6057,6667,2739,22625,9226,8351,11357,20417,5096,5143,14506,20762,23184,19611,21104,13688,10279
9163,8911,3863,24059,577,13829,22075,16715,27303,8785,3510,12705,10021,11777,12530,19003,33199,23327,12735,15832,13657,25837,10511,28407,15445,19115,27359,14153,16876,14355,12414,19538,3235,21505,380,6037,1248,15420,11286,15716,25783,24182,4702,9514,17915,12253,23223,27633,10424,20314,10393,4543,31499,12580,25194,8419,24766,16235,24603,14981,2276,15331,18100,24892,23408,26246,26829,3708,21432,24422,14881,10271,10059,5474,24474,12178,24822,14264,4058,13957,28422,8958,32318,17373,14966,25583,25275,12849,18929,4146,11569,10001,10478,14345,11978,27332,24445,13321,17751,15127,16106,10172,2978,14087,17026,19662,22282,11848,2099,19778,22506,24913,6375,24688,11544,21991,24062,15579,9954,35530,13705,13700,10200,30492,16875,15168,19006,28283,12767,9326,22308,28191,31051,27477,28533,21584,4115
6174,6195,1697,26012,3774,12408,19208,13957,25651,7717,771,12120,10474,12230,9817,21004,31546,21017,9855,13092,10945,24473,10518,28086,12743,16355,27057,14606,14995,12064,14785,22329,7136,24058,4329,3073,3664,16578,8574,13592,25355,23861,1958,12983,16218,12707,25176,25826,10877,18960,12171,2547,29848,10731,24777,11886,27259,13533,23163,15422,2606,12629,15697,24460,25356,24896,25178,7565,19640,22405,15322,7575,13535,3776,26422,9480,22464,14705,7081,11206,28100,6065,30667,14647,13542,25262,22958,13291,22405,1222,12010,10442,10919,15046,11641,25972,22128,12516,15025,12862,14076,11364,6834,11385,14760,16960,25205,11867,4480,17420,21064,26861,6142,26636,10140,19657,22270,14022,10390,33879,12306,10998,10641,28841,14447,12466,16532,26632,12430,11430,20721,27895,29399,25826,28211,19555,2765
8970,7418,12437,21844,15385,5819,5817,453,14570,8448,14262,6929,10084,11247,4563,18068,20804,8463,3920,2292,3056,16343,7610,20908,1287,3605,19717,12378,5084,3099,14448,19393,18537,21039,16092,11635,15386,13731,5975,3825,17976,16482,11535,15705,7968,10188,21008,14051,10013,10796,13015,16027,19511,4671,17417,14933,23131,230,14522,10423,15596,985,3768,17100,21228,16707,14427,18758,9442,11105,12144,6722,15675,11173,22294,4929,10075,9728,19484,2763,20876,8750,20822,2592,5942,18037,10849,10533,19386,12260,11812,11595,10525,12828,7830,15390,10150,6933,2970,3524,4294,12905,18403,2326,3813,3658,22174,8550,17039,5524,12875,22733,9885,22508,5628,8361,11177,4613,9413,23862,6152,2812,9053,17222,3059,1019,4093,16848,7998,13037,12365,20641,19238,14786,21033,8431,16247
22199,20329,24704,9992,25938,14046,15156,18200,6032,20050,26698,15132,18063,18106,16684,14148,9684,12452,17271,16141,16257,3794,17062,3158,18319,16706,1571,16280,13341,15824,19418,15257,28318,15026,26482,24657,26262,16954,17592,14560,2227,2462,23969,22546,10321,15461,10866,8065,17738,9023,20556,28544,8652,16097,3087,23036,11911,18561,4556,14568,26812,17868,14531,3080,10921,2262,5893,27701,8934,8113,16510,19690,21888,22575,10580,16624,11450,13902,29320,16465,2610,21948,9094,15707,13178,779,9791,14838,15439,24723,19610,19697,18370,17181,14971,5144,10001,13530,15328,15060,14116,20970,28240,17334,15159,17373,14076,15828,28005,13611,6098,10979,21020,9396,15909,10564,8567,14097,17555,10608,14058,16927,17146,7645,15460,18007,14827,5437,14596,21139,6917,1850,8204,6161,2933,9916,28554
13969,12130,17149,23742,20097,7069,1023,4375,11733,13159,18974,8974,13516,13857,8695,19495,17488,4912,8631,5190,7158,13409,11025,18048,6018,1703,17235,13473,5004,6204,17810,20820,22761,22438,20803,16347,20098,15157,10171,4952,16417,15326,16247,19110,7391,12395,22407,10088,13490,9548,16462,20723,16110,8093,16205,18363,24546,4650,11586,11839,20292,5719,2767,15904,22644,13881,11464,22679,7374,8051,13604,11417,19135,15868,24131,8864,5178,11143,23405,6726,18016,13445,17392,3457,7020,15178,6795,12052,20840,16955,15257,15024,14017,14277,9661,12434,6749,8385,3109,5312,4895,16334,22324,7021,3412,1505,23590,10489,21734,2884,10636,24570,14062,23496,8938,5970,8335,5190,12878,20461,7726,7507,12482,13821,3957,5714,2416,13478,9487,16466,9874,16915,15925,11469,18174,6328,20942
12549,10680,13744,13788,10972,12033,19691,15309,23601,9807,14136,10429,5538,5209,11048,8732,28331,20050,11639,13903,12252,22118,8178,19056,14660,17717,19952,6424,15139,12619,1720,9415,10295,11383,10872,14245,12262,5013,10158,13797,20384,18916,13556,2468,14212,8608,12952,23931,5368,16611,3550,14882,27780,10840,19807,3923,14649,15321,20885,9451,13302,14459,16402,19505,13136,22665,23110,9286,17714,20704,6526,11682,1569,12062,14202,10749,21663,9524,11168,12534,19412,12289,27534,15646,13173,19852,21557,8315,8778,14044,3772,5226,5015,5874,9874,23614,20727,11375,16024,13387,14198,4125,10094,13359,15299,18325,12164,9082,12059,18081,18787,14641,9522,14416,9805,18272,20344,13918,5873,29048,11921,12863,6210,26773,15148,14348,17309,24565,10545,4420,18590,21183,27332,23759,19300,17865,13738
10861,9302,14058,20825,16900,4652,4039,2395,11715,9829,15895,6556,10829,11439,5716,17078,18179,6258,5650,2191,4179,13359,8400,17431,3647,1906,17294,11056,2794,3510,15393,18403,19782,20020,17606,13527,16901,12739,7192,2535,15901,14407,13166,16450,5745,9977,19989,11518,10758,8657,13760,17613,16436,5461,15588,15723,22131,2961,11538,9423,17035,3323,784,15287,20228,13851,11444,19877,6459,8122,11188,8516,16465,12703,21294,6061,7759,8728,20602,3948,17399,10544,17499,392,4604,14561,8441,9636,18424,13817,12602,12385,11315,11861,7245,12406,7742,5969,14,2883,2479,13695,19522,4260,984,3299,21174,8073,18477,2722,10019,21733,11260,21508,6354,5377,8194,2774,10203,20677,5310,4605,9843,14631,1517,3357,1662,13585,7071,13827,9382,17165,16032,11847,17557,5448,17835
8938,7069,11443,15119,13134,2142,10108,7817,14927,5798,13437,1977,5266,5307,4094,11315,20823,11380,4686,6069,4982,13737,3006,16425,7264,8346,15388,5281,5099,4969,9294,12640,15504,14314,13677,11397,13380,6978,5002,4564,13686,12192,10709,10560,5557,3664,14283,15276,4941,7961,7912,15285,19111,3755,13116,10118,16398,7854,12427,3691,13554,6992,6882,12799,14496,14160,14441,14847,9098,12088,5392,6960,10570,9316,15562,4048,13034,2995,16210,5160,16439,8690,20124,6847,3007,13601,12928,3329,12634,11464,6691,6780,5452,6129,1080,15236,12098,1179,6819,4883,4426,8052,15130,6029,5822,9748,15442,1689,14996,8247,10328,16001,7479,15775,3333,9643,11728,4050,4702,23143,1877,5623,4229,18104,5699,6952,7788,15896,280,8222,10067,16234,18663,15090,16550,9249,15295
11704,10394,12503,14709,9731,11748,19405,15024,23315,9521,12895,10144,5252,4924,10762,9655,29261,19765,11354,13617,11966,21866,7926,20026,14407,17432,20882,6138,14854,12333,2406,10797,9421,12709,9819,12774,11021,5677,9872,13511,21318,19850,12086,1416,13927,8323,13873,23645,5083,16326,2572,14004,27528,10588,20761,2262,15969,15069,20632,9458,12087,14207,16150,20459,14066,22275,22858,8465,17461,20451,6274,11430,929,10561,15132,10497,21411,9271,10299,12281,20365,11465,28347,15393,12920,20806,21304,8062,10158,12811,3520,4059,4762,5622,9621,23362,20474,11123,15772,13135,13945,2891,9216,13107,15047,18073,13544,8830,11181,17828,18535,15571,8069,15346,9552,18020,20092,13665,5621,30001,11668,12610,5957,26521,14896,14095,17056,24313,10292,2559,18337,22137,27080,23506,20254,17613,12860
23056,21186,24646,302,24022,16489,22825,22190,15510,19797,26710,17523,16053,14128,19075,7732,17451,20723,19667,20416,19355,13282,17352,7998,21631,22693,8985,12023,19234,19342,12845,6579,23366,4897,23922,25018,25312,10424,19413,18911,9620,9025,24358,16038,16614,14159,1537,17550,15628,16236,15349,27955,17895,18763,9918,17207,2121,22221,13646,11766,26375,21359,21259,9616,1517,11750,15381,22359,16818,16957,11292,21622,15381,22844,447,19056,19894,12467,24241,19527,8421,22819,16647,21224,17309,9040,18671,13768,7695,25134,14924,16604,15607,11689,16364,14642,18210,15961,21212,19261,18804,16142,23182,20396,20199,24126,3943,16341,25164,21190,13982,886,20341,580,18341,18448,16975,18428,16288,18161,16509,19990,16113,17143,20076,21319,22100,14935,15722,17072,14621,10215,17450,15649,8281,17800,26785
6804,4935,8669,16447,9430,4958,12524,8150,17898,2988,10732,3755,1965,3128,3888,11418,23794,14348,4480,6743,5092,16437,1071,19008,7531,10558,17954,5020,8005,5484,6330,12743,11799,14472,9973,9039,9754,6992,2998,6845,16379,14777,8380,7586,8510,2863,15611,18229,1894,10909,4896,12388,22100,3733,15795,6810,17701,8192,15204,5598,10843,7330,9253,15493,15798,16847,17430,11438,12033,15023,5729,4715,7549,6817,16864,3620,15983,4881,12667,5404,19022,6556,22919,8516,6120,16184,15876,3466,12728,9122,3686,3471,2398,5453,3050,17933,15046,4393,8895,6280,7259,4781,11587,6230,8179,11196,15612,2410,11367,10931,13107,17303,4313,17078,2697,12591,14663,6732,1287,26131,4859,5733,929,21093,8028,7218,10159,18884,3839,4913,12909,18791,21652,18078,19134,12184,12402
23954,22085,26459,8192,27791,15802,16969,20014,8736,21806,28453,16887,19916,18933,18439,12417,9823,14816,19085,17955,18071,6490,18798,203,20140,18519,1443,16830,15154,17638,17686,13526,28169,13225,28745,26413,28116,15223,19347,16374,3558,4218,25724,20815,12134,17314,9066,10769,19592,10836,20154,30288,10269,17918,4247,22056,10105,20381,7284,16555,28557,19689,16352,4816,9115,4990,8589,27180,10755,10894,16090,21434,20162,24320,8774,18369,14021,15638,29062,18285,834,23693,9022,17527,14999,2802,12791,16574,13712,26467,19737,21417,20420,16502,16716,7836,12338,15274,17149,16881,15937,20955,27988,19154,16980,19194,12270,17573,29953,15432,7919,9174,22765,7591,17654,12385,11102,15917,19291,10536,15803,18748,18882,10681,17281,19828,16648,8128,16341,21885,8738,2678,9825,8857,421,11736,30299
12736,10866,14354,10049,14566,7531,15166,13206,18343,9503,16417,7574,5715,3790,9612,4995,24239,14793,10204,11459,10371,16885,7033,15355,12649,13735,16242,1770,10423,10358,4047,6320,14256,8049,14654,14725,15447,556,9119,9953,16674,15205,14065,6853,8955,4324,9214,18674,5308,11354,5011,18083,22548,9259,16106,7534,11306,13239,15652,4479,16568,12377,12267,15804,9404,17295,17878,13251,12481,15471,1029,11304,6806,12526,10470,9333,16430,4293,15132,10545,15711,12500,23367,12231,8334,16151,16324,4054,6315,14816,4572,6252,5255,1337,7007,18381,15494,6979,12219,10268,9811,5790,14058,11414,11206,15133,9200,6273,16023,13531,13554,10909,10022,10683,8406,13039,15111,9435,5953,25347,7526,11007,5779,21541,11084,12337,13173,19332,6759,6720,13357,17483,22099,18526,15599,12632,17703
19063,17193,20681,6679,19145,13747,21367,19427,20209,15830,22309,13902,12042,10117,15939,2233,22616,20994,16531,17675,16592,18224,13367,13354,18877,19952,14237,8011,16623,16579,8834,159,18246,2209,19044,21052,20435,6413,15446,16169,14673,13205,20392,11259,15156,10651,6600,22063,11635,17555,11338,23046,23062,15593,14088,12761,5472,19466,17895,9973,21466,18604,18489,13786,6243,16946,20051,16309,18692,21197,7273,17637,10612,18859,6355,15667,22641,10505,18143,16773,13693,18834,21815,18453,14539,14133,22535,10388,1271,21150,10905,12586,11589,7671,13341,19839,21705,13207,18441,16490,16033,12123,17664,17642,17428,21355,3317,12607,20300,19742,17990,6434,16356,7404,14740,19250,21145,15657,12287,23329,13754,17235,12113,22340,17306,18565,19395,20132,12999,13054,18792,15465,22618,20318,13581,18843,21920
